[debug] [2026-08-15T22:44:05.998Z] ----------------------------------------------------------------------
[debug] [2026-08-15T22:44:06.000Z] Command:       C:\Program Files\nodejs\node.exe C:\Users\noor\AppData\Roaming\npm\node_modules\firebase-tools\lib\bin\firebase.js emulators:start --project demo-entryai-test
[debug] [2026-08-15T22:44:06.001Z] CLI Version:   15.23.0
[debug] [2026-08-15T22:44:06.001Z] Platform:      win32
[debug] [2026-08-15T22:44:06.001Z] Node Version:  v22.14.0
[debug] [2026-08-15T22:44:06.002Z] Detected Agent: unknown
[debug] [2026-08-15T22:44:06.002Z] Time:          Sun Aug 16 2026 03:44:06 GMT+0500 (Pakistan Standard Time)
[debug] [2026-08-15T22:44:06.002Z] ----------------------------------------------------------------------
[debug] 
[debug] [2026-08-15T22:44:07.033Z] openjdk version "21.0.12" 2026-07-21 LTS

[debug] [2026-08-15T22:44:07.033Z] OpenJDK Runtime Environment Temurin-21.0.12+8 (build 21.0.12+8-LTS)
OpenJDK 64-Bit Server VM Temurin-21.0.12+8 (build 21.0.12+8-LTS, mixed mode, sharing)

[debug] [2026-08-15T22:44:07.043Z] Parsed Java major version: 21
[info] i  emulators: Starting emulators: auth, firestore, storage {"metadata":{"emulator":{"name":"hub"},"message":"Starting emulators: auth, firestore, storage"}}
[info] i  emulators: Detected demo project ID "demo-entryai-test", emulated services will use a demo configuration and attempts to access non-emulated services for this project will fail. {"metadata":{"emulator":{"name":"hub"},"message":"Detected demo project ID \"demo-entryai-test\", emulated services will use a demo configuration and attempts to access non-emulated services for this project will fail."}}
[debug] [2026-08-15T22:44:07.057Z] [logging] Logging Emulator only supports listening on one address (127.0.0.1). Not listening on ::1
[debug] [2026-08-15T22:44:07.057Z] [auth] Authentication Emulator only supports listening on one address (127.0.0.1). Not listening on ::1
[debug] [2026-08-15T22:44:07.057Z] [firestore] Firestore Emulator only supports listening on one address (127.0.0.1). Not listening on ::1
[debug] [2026-08-15T22:44:07.057Z] [firestore.websocket] websocket server for firestore only supports listening on one address (127.0.0.1). Not listening on ::1
[debug] [2026-08-15T22:44:07.057Z] [storage] Storage Emulator only supports listening on one address (127.0.0.1). Not listening on ::1
[debug] [2026-08-15T22:44:07.057Z] assigned listening specs for emulators {"user":{"hub":[{"address":"127.0.0.1","family":"IPv4","port":4400},{"address":"::1","family":"IPv6","port":4400}],"ui":[{"address":"127.0.0.1","family":"IPv4","port":4000},{"address":"::1","family":"IPv6","port":4000}],"logging":[{"address":"127.0.0.1","family":"IPv4","port":4500}],"auth":[{"address":"127.0.0.1","family":"IPv4","port":9099}],"firestore":[{"address":"127.0.0.1","family":"IPv4","port":8080}],"firestore.websocket":[{"address":"127.0.0.1","family":"IPv4","port":9150}],"storage":[{"address":"127.0.0.1","family":"IPv4","port":9199}]},"metadata":{"message":"assigned listening specs for emulators"}}
[debug] [2026-08-15T22:44:07.062Z] Write emulator hub locator at C:\Users\noor\AppData\Local\Temp\hub-demo-entryai-test.json
[debug] [2026-08-15T22:44:07.074Z] Ignoring unsupported arg: auto_download {"metadata":{"emulator":{"name":"firestore"},"message":"Ignoring unsupported arg: auto_download"}}
[debug] [2026-08-15T22:44:07.074Z] Ignoring unsupported arg: single_project_mode_error {"metadata":{"emulator":{"name":"firestore"},"message":"Ignoring unsupported arg: single_project_mode_error"}}
[debug] [2026-08-15T22:44:07.074Z] Starting Firestore Emulator with command {"binary":"java","args":["-Dgoogle.cloud_firestore.debug_log_level=FINE","-Duser.language=en","-jar","C:\\Users\\noor\\.cache\\firebase\\emulators\\cloud-firestore-emulator-v1.21.0.jar","--host","127.0.0.1","--port",8080,"--websocket_port",9150,"--database-edition","standard","--project_id","demo-entryai-test","--rules","C:\\Users\\noor\\Desktop\\TrustPost\\firestore.rules","--single_project_mode",true],"optionalArgs":["port","webchannel_port","host","rules","websocket_port","database-edition","functions_emulator","seed_from_export","project_id","single_project_mode"],"joinArgs":false,"shell":false,"port":8080} {"metadata":{"emulator":{"name":"firestore"},"message":"Starting Firestore Emulator with command {\"binary\":\"java\",\"args\":[\"-Dgoogle.cloud_firestore.debug_log_level=FINE\",\"-Duser.language=en\",\"-jar\",\"C:\\\\Users\\\\noor\\\\.cache\\\\firebase\\\\emulators\\\\cloud-firestore-emulator-v1.21.0.jar\",\"--host\",\"127.0.0.1\",\"--port\",8080,\"--websocket_port\",9150,\"--database-edition\",\"standard\",\"--project_id\",\"demo-entryai-test\",\"--rules\",\"C:\\\\Users\\\\noor\\\\Desktop\\\\TrustPost\\\\firestore.rules\",\"--single_project_mode\",true],\"optionalArgs\":[\"port\",\"webchannel_port\",\"host\",\"rules\",\"websocket_port\",\"database-edition\",\"functions_emulator\",\"seed_from_export\",\"project_id\",\"single_project_mode\"],\"joinArgs\":false,\"shell\":false,\"port\":8080}"}}
[info] i  firestore: Firestore Emulator logging to firestore-debug.log {"metadata":{"emulator":{"name":"firestore"},"message":"Firestore Emulator logging to \u001b[1mfirestore-debug.log\u001b[22m"}}
[debug] [2026-08-15T22:44:08.205Z] Aug 16, 2026 3:44:08 AM com.google.cloud.datastore.emulator.firestore.websocket.WebSocketServer start
INFO: Started WebSocket server on ws://127.0.0.1:9150
 {"metadata":{"emulator":{"name":"firestore"},"message":"Aug 16, 2026 3:44:08 AM com.google.cloud.datastore.emulator.firestore.websocket.WebSocketServer start\r\nINFO: Started WebSocket server on ws://127.0.0.1:9150\r\n"}}
[debug] [2026-08-15T22:44:08.254Z] 
API endpoint: http://127.0.0.1:8080 {"metadata":{"emulator":{"name":"firestore"},"message":"\nAPI endpoint: http://127.0.0.1:8080"}}
[debug] [2026-08-15T22:44:08.254Z] 
Database Edition: STANDARD
Database Mode: CLOUD_FIRESTORE

If you are using a library that supports the FIRESTORE_EMULATOR_HOST environment variable, run:

   export FIRESTORE_EMULATOR_HOST=127.0.0.1:8080

If you are running a Firestore in Datastore Mode project, run:

   export DATASTORE_EMULATOR_HOST=127.0.0.1:8080

Note: Support for Datastore Mode is in preview. If you encounter any bugs please file at https://github.com/firebase/firebase-tools/issues.
Dev App Server is now running.

 {"metadata":{"emulator":{"name":"firestore"},"message":"\nDatabase Edition: STANDARD\nDatabase Mode: CLOUD_FIRESTORE\n\nIf you are using a library that supports the FIRESTORE_EMULATOR_HOST environment variable, run:\r\n\n   export FIRESTORE_EMULATOR_HOST=127.0.0.1:8080\n\nIf you are running a Firestore in Datastore Mode project, run:\r\n\n   export DATASTORE_EMULATOR_HOST=127.0.0.1:8080\n\nNote: Support for Datastore Mode is in preview. If you encounter any bugs please file at https://github.com/firebase/firebase-tools/issues.\r\nDev App Server is now running.\n\r\n"}}
[info] +  firestore: Firestore Emulator was started in standard edition. {"metadata":{"emulator":{"name":"firestore"},"message":"Firestore Emulator was started in standard edition."}}
[info] +  firestore: Firestore Emulator UI websocket is running on 9150. {"metadata":{"emulator":{"name":"firestore"},"message":"Firestore Emulator UI websocket is running on 9150."}}
[debug] [2026-08-15T22:44:12.928Z] Ignoring unsupported arg: port {"metadata":{"emulator":{"name":"storage"},"message":"Ignoring unsupported arg: port"}}
[debug] [2026-08-15T22:44:13.713Z] Temp file directory for storage emulator: C:\Users\noor\AppData\Local\Temp/firebase/storage/blobs {"metadata":{"emulator":{"name":"storage"},"message":"Temp file directory for storage emulator: C:\\Users\\noor\\AppData\\Local\\Temp/firebase/storage/blobs"}}
[debug] [2026-08-15T22:44:13.731Z] Could not find VSCode notification endpoint: TypeError: fetch failed. If you are not running the Firebase SQL Connect VSCode extension, this is expected and not an issue.
[info] 
┌─────────────────────────────────────────────────────────────┐
│ ✔  All emulators ready! It is now safe to connect your app. │
│ i  View Emulator UI at http://127.0.0.1:4000/               │
└─────────────────────────────────────────────────────────────┘

┌────────────────┬────────────────┬─────────────────────────────────┐
│ Emulator       │ Host:Port      │ View in Emulator UI             │
├────────────────┼────────────────┼─────────────────────────────────┤
│ Authentication │ 127.0.0.1:9099 │ http://127.0.0.1:4000/auth      │
├────────────────┼────────────────┼─────────────────────────────────┤
│ Firestore      │ 127.0.0.1:8080 │ http://127.0.0.1:4000/firestore │
├────────────────┼────────────────┼─────────────────────────────────┤
│ Storage        │ 127.0.0.1:9199 │ http://127.0.0.1:4000/storage   │
└────────────────┴────────────────┴─────────────────────────────────┘
  Emulator Hub host: 127.0.0.1 port: 4400
  Other reserved ports: 4500, 9150

Issues? Report them at https://github.com/firebase/firebase-tools/issues and attach the *-debug.log files.
 
[debug] [2026-08-15T22:44:31.876Z] Aug 16, 2026 3:44:31 AM com.google.cloud.datastore.emulator.firestore.websocket.WebSocketChannelHandler initChannel
INFO: Connected to new websocket client
 {"metadata":{"emulator":{"name":"firestore"},"message":"Aug 16, 2026 3:44:31 AM com.google.cloud.datastore.emulator.firestore.websocket.WebSocketChannelHandler initChannel\r\nINFO: Connected to new websocket client\r\n"}}
[debug] [2026-08-15T22:44:31.913Z] Aug 16, 2026 3:44:31 AM com.google.cloud.datastore.emulator.firestore.websocket.WebSocketChannelHandler initChannel
INFO: Connected to new websocket client
 {"metadata":{"emulator":{"name":"firestore"},"message":"Aug 16, 2026 3:44:31 AM com.google.cloud.datastore.emulator.firestore.websocket.WebSocketChannelHandler initChannel\r\nINFO: Connected to new websocket client\r\n"}}
[debug] [2026-08-15T22:44:31.961Z] Aug 16, 2026 3:44:31 AM com.google.cloud.datastore.emulator.firestore.websocket.WebSocketChannelHandler channelClosed
INFO: Websocket client disconnected
 {"metadata":{"emulator":{"name":"firestore"},"message":"Aug 16, 2026 3:44:31 AM com.google.cloud.datastore.emulator.firestore.websocket.WebSocketChannelHandler channelClosed\r\nINFO: Websocket client disconnected\r\n"}}
[debug] [2026-08-15T22:44:33.800Z] Aug 16, 2026 3:44:33 AM com.google.cloud.datastore.emulator.firestore.websocket.WebSocketChannelHandler channelClosed
INFO: Websocket client disconnected
 {"metadata":{"emulator":{"name":"firestore"},"message":"Aug 16, 2026 3:44:33 AM com.google.cloud.datastore.emulator.firestore.websocket.WebSocketChannelHandler channelClosed\r\nINFO: Websocket client disconnected\r\n"}}
[debug] [2026-08-15T22:44:34.652Z] Aug 16, 2026 3:44:34 AM com.google.cloud.datastore.emulator.firestore.websocket.WebSocketChannelHandler initChannel
INFO: Connected to new websocket client
 {"metadata":{"emulator":{"name":"firestore"},"message":"Aug 16, 2026 3:44:34 AM com.google.cloud.datastore.emulator.firestore.websocket.WebSocketChannelHandler initChannel\r\nINFO: Connected to new websocket client\r\n"}}
[debug] [2026-08-15T22:45:36.688Z] Aug 16, 2026 3:45:36 AM io.gapi.emulators.netty.HttpVersionRoutingHandler channelRead
INFO: Detected non-HTTP/2 connection.
 {"metadata":{"emulator":{"name":"firestore"},"message":"Aug 16, 2026 3:45:36 AM io.gapi.emulators.netty.HttpVersionRoutingHandler channelRead\r\nINFO: Detected non-HTTP/2 connection.\r\n"}}
[debug] [2026-08-15T22:45:40.007Z] Aug 16, 2026 3:45:40 AM io.gapi.emulators.netty.HttpVersionRoutingHandler channelRead
INFO: Detected non-HTTP/2 connection.
 {"metadata":{"emulator":{"name":"firestore"},"message":"Aug 16, 2026 3:45:40 AM io.gapi.emulators.netty.HttpVersionRoutingHandler channelRead\r\nINFO: Detected non-HTTP/2 connection.\r\n"}}
[debug] [2026-08-15T22:45:40.043Z] Aug 16, 2026 3:45:40 AM io.gapi.emulators.netty.HttpVersionRoutingHandler channelRead
INFO: Detected non-HTTP/2 connection.
 {"metadata":{"emulator":{"name":"firestore"},"message":"Aug 16, 2026 3:45:40 AM io.gapi.emulators.netty.HttpVersionRoutingHandler channelRead\r\nINFO: Detected non-HTTP/2 connection.\r\n"}}
[debug] [2026-08-15T22:45:47.947Z] Aug 16, 2026 3:45:47 AM io.gapi.emulators.netty.HttpVersionRoutingHandler channelRead
INFO: Detected non-HTTP/2 connection.
 {"metadata":{"emulator":{"name":"firestore"},"message":"Aug 16, 2026 3:45:47 AM io.gapi.emulators.netty.HttpVersionRoutingHandler channelRead\r\nINFO: Detected non-HTTP/2 connection.\r\n"}}
[debug] [2026-08-15T22:45:48.015Z] Aug 16, 2026 3:45:48 AM io.gapi.emulators.netty.HttpVersionRoutingHandler channelRead
INFO: Detected non-HTTP/2 connection.
 {"metadata":{"emulator":{"name":"firestore"},"message":"Aug 16, 2026 3:45:48 AM io.gapi.emulators.netty.HttpVersionRoutingHandler channelRead\r\nINFO: Detected non-HTTP/2 connection.\r\n"}}
[debug] [2026-08-15T22:45:48.038Z] Aug 16, 2026 3:45:48 AM io.gapi.emulators.netty.HttpVersionRoutingHandler channelRead
INFO: Detected non-HTTP/2 connection.
 {"metadata":{"emulator":{"name":"firestore"},"message":"Aug 16, 2026 3:45:48 AM io.gapi.emulators.netty.HttpVersionRoutingHandler channelRead\r\nINFO: Detected non-HTTP/2 connection.\r\n"}}
[debug] [2026-08-15T22:45:49.644Z] Aug 16, 2026 3:45:49 AM io.gapi.emulators.netty.HttpVersionRoutingHandler channelRead
INFO: Detected non-HTTP/2 connection.
 {"metadata":{"emulator":{"name":"firestore"},"message":"Aug 16, 2026 3:45:49 AM io.gapi.emulators.netty.HttpVersionRoutingHandler channelRead\r\nINFO: Detected non-HTTP/2 connection.\r\n"}}
[debug] [2026-08-15T22:45:49.705Z] Aug 16, 2026 3:45:49 AM io.gapi.emulators.netty.HttpVersionRoutingHandler channelRead
INFO: Detected non-HTTP/2 connection.
 {"metadata":{"emulator":{"name":"firestore"},"message":"Aug 16, 2026 3:45:49 AM io.gapi.emulators.netty.HttpVersionRoutingHandler channelRead\r\nINFO: Detected non-HTTP/2 connection.\r\n"}}
[debug] [2026-08-15T22:45:49.734Z] Aug 16, 2026 3:45:49 AM io.gapi.emulators.netty.HttpVersionRoutingHandler channelRead
INFO: Detected non-HTTP/2 connection.
 {"metadata":{"emulator":{"name":"firestore"},"message":"Aug 16, 2026 3:45:49 AM io.gapi.emulators.netty.HttpVersionRoutingHandler channelRead\r\nINFO: Detected non-HTTP/2 connection.\r\n"}}
[debug] [2026-08-15T22:45:49.761Z] Aug 16, 2026 3:45:49 AM io.gapi.emulators.netty.HttpVersionRoutingHandler channelRead
INFO: Detected non-HTTP/2 connection.
 {"metadata":{"emulator":{"name":"firestore"},"message":"Aug 16, 2026 3:45:49 AM io.gapi.emulators.netty.HttpVersionRoutingHandler channelRead\r\nINFO: Detected non-HTTP/2 connection.\r\n"}}
[debug] [2026-08-15T22:45:49.809Z] Aug 16, 2026 3:45:49 AM io.gapi.emulators.netty.HttpVersionRoutingHandler channelRead
INFO: Detected non-HTTP/2 connection.
 {"metadata":{"emulator":{"name":"firestore"},"message":"Aug 16, 2026 3:45:49 AM io.gapi.emulators.netty.HttpVersionRoutingHandler channelRead\r\nINFO: Detected non-HTTP/2 connection.\r\n"}}
[debug] [2026-08-15T22:45:51.364Z] Aug 16, 2026 3:45:51 AM io.gapi.emulators.netty.HttpVersionRoutingHandler channelRead
INFO: Detected non-HTTP/2 connection.
 {"metadata":{"emulator":{"name":"firestore"},"message":"Aug 16, 2026 3:45:51 AM io.gapi.emulators.netty.HttpVersionRoutingHandler channelRead\r\nINFO: Detected non-HTTP/2 connection.\r\n"}}
[debug] [2026-08-15T22:45:51.724Z] Aug 16, 2026 3:45:51 AM io.gapi.emulators.netty.HttpVersionRoutingHandler channelRead
INFO: Detected non-HTTP/2 connection.
 {"metadata":{"emulator":{"name":"firestore"},"message":"Aug 16, 2026 3:45:51 AM io.gapi.emulators.netty.HttpVersionRoutingHandler channelRead\r\nINFO: Detected non-HTTP/2 connection.\r\n"}}
[debug] [2026-08-15T22:45:56.264Z] Aug 16, 2026 3:45:56 AM io.gapi.emulators.netty.HttpVersionRoutingHandler channelRead
INFO: Detected non-HTTP/2 connection.
 {"metadata":{"emulator":{"name":"firestore"},"message":"Aug 16, 2026 3:45:56 AM io.gapi.emulators.netty.HttpVersionRoutingHandler channelRead\r\nINFO: Detected non-HTTP/2 connection.\r\n"}}
[debug] [2026-08-15T22:45:56.395Z] Aug 16, 2026 3:45:56 AM io.gapi.emulators.netty.HttpVersionRoutingHandler channelRead
INFO: Detected non-HTTP/2 connection.
Aug 16, 2026 3:45:56 AM io.gapi.emulators.netty.HttpVersionRoutingHandler channelRead
INFO: Detected non-HTTP/2 connection.
 {"metadata":{"emulator":{"name":"firestore"},"message":"Aug 16, 2026 3:45:56 AM io.gapi.emulators.netty.HttpVersionRoutingHandler channelRead\r\nINFO: Detected non-HTTP/2 connection.\r\nAug 16, 2026 3:45:56 AM io.gapi.emulators.netty.HttpVersionRoutingHandler channelRead\r\nINFO: Detected non-HTTP/2 connection.\r\n"}}
[debug] [2026-08-15T22:45:56.425Z] Aug 16, 2026 3:45:56 AM io.gapi.emulators.netty.HttpVersionRoutingHandler channelRead
INFO: Detected non-HTTP/2 connection.
 {"metadata":{"emulator":{"name":"firestore"},"message":"Aug 16, 2026 3:45:56 AM io.gapi.emulators.netty.HttpVersionRoutingHandler channelRead\r\nINFO: Detected non-HTTP/2 connection.\r\n"}}
[debug] [2026-08-15T22:45:56.442Z] Aug 16, 2026 3:45:56 AM io.gapi.emulators.netty.HttpVersionRoutingHandler channelRead
INFO: Detected non-HTTP/2 connection.
 {"metadata":{"emulator":{"name":"firestore"},"message":"Aug 16, 2026 3:45:56 AM io.gapi.emulators.netty.HttpVersionRoutingHandler channelRead\r\nINFO: Detected non-HTTP/2 connection.\r\n"}}
[debug] [2026-08-15T22:46:02.567Z] Aug 16, 2026 3:46:02 AM io.gapi.emulators.netty.HttpVersionRoutingHandler channelRead
INFO: Detected non-HTTP/2 connection.
 {"metadata":{"emulator":{"name":"firestore"},"message":"Aug 16, 2026 3:46:02 AM io.gapi.emulators.netty.HttpVersionRoutingHandler channelRead\r\nINFO: Detected non-HTTP/2 connection.\r\n"}}
[debug] [2026-08-15T22:46:02.620Z] Aug 16, 2026 3:46:02 AM io.gapi.emulators.netty.HttpVersionRoutingHandler channelRead
INFO: Detected non-HTTP/2 connection.
 {"metadata":{"emulator":{"name":"firestore"},"message":"Aug 16, 2026 3:46:02 AM io.gapi.emulators.netty.HttpVersionRoutingHandler channelRead\r\nINFO: Detected non-HTTP/2 connection.\r\n"}}
[debug] [2026-08-15T22:46:02.719Z] Aug 16, 2026 3:46:02 AM io.gapi.emulators.netty.HttpVersionRoutingHandler channelRead
INFO: Detected non-HTTP/2 connection.
 {"metadata":{"emulator":{"name":"firestore"},"message":"Aug 16, 2026 3:46:02 AM io.gapi.emulators.netty.HttpVersionRoutingHandler channelRead\r\nINFO: Detected non-HTTP/2 connection.\r\n"}}
[debug] [2026-08-15T22:46:56.590Z] Aug 16, 2026 3:46:56 AM io.gapi.emulators.netty.HttpVersionRoutingHandler channelRead
INFO: Detected non-HTTP/2 connection.
 {"metadata":{"emulator":{"name":"firestore"},"message":"Aug 16, 2026 3:46:56 AM io.gapi.emulators.netty.HttpVersionRoutingHandler channelRead\r\nINFO: Detected non-HTTP/2 connection.\r\n"}}
[debug] [2026-08-15T22:47:06.773Z] Aug 16, 2026 3:47:06 AM io.gapi.emulators.netty.HttpVersionRoutingHandler channelRead
INFO: Detected non-HTTP/2 connection.
 {"metadata":{"emulator":{"name":"firestore"},"message":"Aug 16, 2026 3:47:06 AM io.gapi.emulators.netty.HttpVersionRoutingHandler channelRead\r\nINFO: Detected non-HTTP/2 connection.\r\n"}}
[debug] [2026-08-15T22:47:06.846Z] Aug 16, 2026 3:47:06 AM io.gapi.emulators.netty.HttpVersionRoutingHandler channelRead
INFO: Detected non-HTTP/2 connection.
 {"metadata":{"emulator":{"name":"firestore"},"message":"Aug 16, 2026 3:47:06 AM io.gapi.emulators.netty.HttpVersionRoutingHandler channelRead\r\nINFO: Detected non-HTTP/2 connection.\r\n"}}
[debug] [2026-08-15T22:47:13.268Z] Aug 16, 2026 3:47:13 AM io.gapi.emulators.netty.HttpVersionRoutingHandler channelRead
INFO: Detected non-HTTP/2 connection.
 {"metadata":{"emulator":{"name":"firestore"},"message":"Aug 16, 2026 3:47:13 AM io.gapi.emulators.netty.HttpVersionRoutingHandler channelRead\r\nINFO: Detected non-HTTP/2 connection.\r\n"}}
[debug] [2026-08-15T22:47:13.346Z] Aug 16, 2026 3:47:13 AM io.gapi.emulators.netty.HttpVersionRoutingHandler channelRead
INFO: Detected non-HTTP/2 connection.
 {"metadata":{"emulator":{"name":"firestore"},"message":"Aug 16, 2026 3:47:13 AM io.gapi.emulators.netty.HttpVersionRoutingHandler channelRead\r\nINFO: Detected non-HTTP/2 connection.\r\n"}}
[debug] [2026-08-15T22:47:13.347Z] Aug 16, 2026 3:47:13 AM io.gapi.emulators.netty.HttpVersionRoutingHandler channelRead
INFO: Detected non-HTTP/2 connection.
 {"metadata":{"emulator":{"name":"firestore"},"message":"Aug 16, 2026 3:47:13 AM io.gapi.emulators.netty.HttpVersionRoutingHandler channelRead\r\nINFO: Detected non-HTTP/2 connection.\r\n"}}
[debug] [2026-08-15T22:47:13.370Z] Aug 16, 2026 3:47:13 AM io.gapi.emulators.netty.HttpVersionRoutingHandler channelRead
INFO: Detected non-HTTP/2 connection.
 {"metadata":{"emulator":{"name":"firestore"},"message":"Aug 16, 2026 3:47:13 AM io.gapi.emulators.netty.HttpVersionRoutingHandler channelRead\r\nINFO: Detected non-HTTP/2 connection.\r\n"}}
[debug] [2026-08-15T22:47:13.379Z] Aug 16, 2026 3:47:13 AM io.gapi.emulators.netty.HttpVersionRoutingHandler channelRead
INFO: Detected non-HTTP/2 connection.
 {"metadata":{"emulator":{"name":"firestore"},"message":"Aug 16, 2026 3:47:13 AM io.gapi.emulators.netty.HttpVersionRoutingHandler channelRead\r\nINFO: Detected non-HTTP/2 connection.\r\n"}}
[debug] [2026-08-15T22:47:17.539Z] Aug 16, 2026 3:47:17 AM io.gapi.emulators.netty.HttpVersionRoutingHandler channelRead
INFO: Detected non-HTTP/2 connection.
 {"metadata":{"emulator":{"name":"firestore"},"message":"Aug 16, 2026 3:47:17 AM io.gapi.emulators.netty.HttpVersionRoutingHandler channelRead\r\nINFO: Detected non-HTTP/2 connection.\r\n"}}
[debug] [2026-08-15T22:47:17.558Z] Aug 16, 2026 3:47:17 AM io.gapi.emulators.netty.HttpVersionRoutingHandler channelRead
INFO: Detected non-HTTP/2 connection.
 {"metadata":{"emulator":{"name":"firestore"},"message":"Aug 16, 2026 3:47:17 AM io.gapi.emulators.netty.HttpVersionRoutingHandler channelRead\r\nINFO: Detected non-HTTP/2 connection.\r\n"}}
[debug] [2026-08-15T22:47:17.610Z] Aug 16, 2026 3:47:17 AM io.gapi.emulators.netty.HttpVersionRoutingHandler channelRead
INFO: Detected non-HTTP/2 connection.
 {"metadata":{"emulator":{"name":"firestore"},"message":"Aug 16, 2026 3:47:17 AM io.gapi.emulators.netty.HttpVersionRoutingHandler channelRead\r\nINFO: Detected non-HTTP/2 connection.\r\n"}}
[debug] [2026-08-15T22:47:25.666Z] Aug 16, 2026 3:47:25 AM io.gapi.emulators.netty.HttpVersionRoutingHandler channelRead
INFO: Detected non-HTTP/2 connection.
 {"metadata":{"emulator":{"name":"firestore"},"message":"Aug 16, 2026 3:47:25 AM io.gapi.emulators.netty.HttpVersionRoutingHandler channelRead\r\nINFO: Detected non-HTTP/2 connection.\r\n"}}
[debug] [2026-08-15T22:47:25.745Z] Aug 16, 2026 3:47:25 AM io.gapi.emulators.netty.HttpVersionRoutingHandler channelRead
INFO: Detected non-HTTP/2 connection.
 {"metadata":{"emulator":{"name":"firestore"},"message":"Aug 16, 2026 3:47:25 AM io.gapi.emulators.netty.HttpVersionRoutingHandler channelRead\r\nINFO: Detected non-HTTP/2 connection.\r\n"}}
[debug] [2026-08-15T22:47:30.143Z] Aug 16, 2026 3:47:30 AM io.gapi.emulators.netty.HttpVersionRoutingHandler channelRead
INFO: Detected non-HTTP/2 connection.
 {"metadata":{"emulator":{"name":"firestore"},"message":"Aug 16, 2026 3:47:30 AM io.gapi.emulators.netty.HttpVersionRoutingHandler channelRead\r\nINFO: Detected non-HTTP/2 connection.\r\n"}}
[debug] [2026-08-15T22:47:30.171Z] Aug 16, 2026 3:47:30 AM io.gapi.emulators.netty.HttpVersionRoutingHandler channelRead
INFO: Detected non-HTTP/2 connection.
 {"metadata":{"emulator":{"name":"firestore"},"message":"Aug 16, 2026 3:47:30 AM io.gapi.emulators.netty.HttpVersionRoutingHandler channelRead\r\nINFO: Detected non-HTTP/2 connection.\r\n"}}
[debug] [2026-08-15T22:47:30.220Z] Aug 16, 2026 3:47:30 AM io.gapi.emulators.netty.HttpVersionRoutingHandler channelRead
INFO: Detected non-HTTP/2 connection.
 {"metadata":{"emulator":{"name":"firestore"},"message":"Aug 16, 2026 3:47:30 AM io.gapi.emulators.netty.HttpVersionRoutingHandler channelRead\r\nINFO: Detected non-HTTP/2 connection.\r\n"}}
[debug] [2026-08-15T22:48:00.268Z] Aug 16, 2026 3:48:00 AM io.gapi.emulators.netty.HttpVersionRoutingHandler channelRead
INFO: Detected non-HTTP/2 connection.
 {"metadata":{"emulator":{"name":"firestore"},"message":"Aug 16, 2026 3:48:00 AM io.gapi.emulators.netty.HttpVersionRoutingHandler channelRead\r\nINFO: Detected non-HTTP/2 connection.\r\n"}}
[debug] [2026-08-15T22:48:13.488Z] Aug 16, 2026 3:48:13 AM io.gapi.emulators.netty.HttpVersionRoutingHandler channelRead
INFO: Detected non-HTTP/2 connection.
 {"metadata":{"emulator":{"name":"firestore"},"message":"Aug 16, 2026 3:48:13 AM io.gapi.emulators.netty.HttpVersionRoutingHandler channelRead\r\nINFO: Detected non-HTTP/2 connection.\r\n"}}
[debug] [2026-08-15T22:51:46.826Z] Aug 16, 2026 3:51:46 AM io.gapi.emulators.netty.HttpVersionRoutingHandler channelRead
INFO: Detected non-HTTP/2 connection.
 {"metadata":{"emulator":{"name":"firestore"},"message":"Aug 16, 2026 3:51:46 AM io.gapi.emulators.netty.HttpVersionRoutingHandler channelRead\r\nINFO: Detected non-HTTP/2 connection.\r\n"}}
[debug] [2026-08-15T22:51:46.888Z] Aug 16, 2026 3:51:46 AM io.gapi.emulators.netty.HttpVersionRoutingHandler channelRead
INFO: Detected non-HTTP/2 connection.
 {"metadata":{"emulator":{"name":"firestore"},"message":"Aug 16, 2026 3:51:46 AM io.gapi.emulators.netty.HttpVersionRoutingHandler channelRead\r\nINFO: Detected non-HTTP/2 connection.\r\n"}}
[debug] [2026-08-15T22:51:46.909Z] Aug 16, 2026 3:51:46 AM io.gapi.emulators.netty.HttpVersionRoutingHandler channelRead
INFO: Detected non-HTTP/2 connection.
 {"metadata":{"emulator":{"name":"firestore"},"message":"Aug 16, 2026 3:51:46 AM io.gapi.emulators.netty.HttpVersionRoutingHandler channelRead\r\nINFO: Detected non-HTTP/2 connection.\r\n"}}
[debug] [2026-08-15T22:51:46.928Z] Aug 16, 2026 3:51:46 AM io.gapi.emulators.netty.HttpVersionRoutingHandler channelRead
INFO: Detected non-HTTP/2 connection.
 {"metadata":{"emulator":{"name":"firestore"},"message":"Aug 16, 2026 3:51:46 AM io.gapi.emulators.netty.HttpVersionRoutingHandler channelRead\r\nINFO: Detected non-HTTP/2 connection.\r\n"}}
[debug] [2026-08-15T22:51:46.985Z] Aug 16, 2026 3:51:46 AM io.gapi.emulators.netty.HttpVersionRoutingHandler channelRead
INFO: Detected non-HTTP/2 connection.
 {"metadata":{"emulator":{"name":"firestore"},"message":"Aug 16, 2026 3:51:46 AM io.gapi.emulators.netty.HttpVersionRoutingHandler channelRead\r\nINFO: Detected non-HTTP/2 connection.\r\n"}}
[debug] [2026-08-15T22:51:50.600Z] Aug 16, 2026 3:51:50 AM io.gapi.emulators.netty.HttpVersionRoutingHandler channelRead
INFO: Detected non-HTTP/2 connection.
 {"metadata":{"emulator":{"name":"firestore"},"message":"Aug 16, 2026 3:51:50 AM io.gapi.emulators.netty.HttpVersionRoutingHandler channelRead\r\nINFO: Detected non-HTTP/2 connection.\r\n"}}
[debug] [2026-08-15T22:51:50.631Z] Aug 16, 2026 3:51:50 AM io.gapi.emulators.netty.HttpVersionRoutingHandler channelRead
INFO: Detected non-HTTP/2 connection.
 {"metadata":{"emulator":{"name":"firestore"},"message":"Aug 16, 2026 3:51:50 AM io.gapi.emulators.netty.HttpVersionRoutingHandler channelRead\r\nINFO: Detected non-HTTP/2 connection.\r\n"}}
[debug] [2026-08-15T22:51:50.647Z] Aug 16, 2026 3:51:50 AM io.gapi.emulators.netty.HttpVersionRoutingHandler channelRead
INFO: Detected non-HTTP/2 connection.
 {"metadata":{"emulator":{"name":"firestore"},"message":"Aug 16, 2026 3:51:50 AM io.gapi.emulators.netty.HttpVersionRoutingHandler channelRead\r\nINFO: Detected non-HTTP/2 connection.\r\n"}}
[debug] [2026-08-15T22:51:50.665Z] Aug 16, 2026 3:51:50 AM io.gapi.emulators.netty.HttpVersionRoutingHandler channelRead
INFO: Detected non-HTTP/2 connection.
 {"metadata":{"emulator":{"name":"firestore"},"message":"Aug 16, 2026 3:51:50 AM io.gapi.emulators.netty.HttpVersionRoutingHandler channelRead\r\nINFO: Detected non-HTTP/2 connection.\r\n"}}
[debug] [2026-08-15T22:51:50.707Z] Aug 16, 2026 3:51:50 AM io.gapi.emulators.netty.HttpVersionRoutingHandler channelRead
INFO: Detected non-HTTP/2 connection.
 {"metadata":{"emulator":{"name":"firestore"},"message":"Aug 16, 2026 3:51:50 AM io.gapi.emulators.netty.HttpVersionRoutingHandler channelRead\r\nINFO: Detected non-HTTP/2 connection.\r\n"}}
[debug] [2026-08-15T22:51:53.578Z] Aug 16, 2026 3:51:53 AM io.gapi.emulators.netty.HttpVersionRoutingHandler channelRead
INFO: Detected non-HTTP/2 connection.
 {"metadata":{"emulator":{"name":"firestore"},"message":"Aug 16, 2026 3:51:53 AM io.gapi.emulators.netty.HttpVersionRoutingHandler channelRead\r\nINFO: Detected non-HTTP/2 connection.\r\n"}}
[debug] [2026-08-15T22:51:53.653Z] Aug 16, 2026 3:51:53 AM io.gapi.emulators.netty.HttpVersionRoutingHandler channelRead
INFO: Detected non-HTTP/2 connection.
 {"metadata":{"emulator":{"name":"firestore"},"message":"Aug 16, 2026 3:51:53 AM io.gapi.emulators.netty.HttpVersionRoutingHandler channelRead\r\nINFO: Detected non-HTTP/2 connection.\r\n"}}
[debug] [2026-08-15T22:51:56.764Z] Aug 16, 2026 3:51:56 AM io.gapi.emulators.netty.HttpVersionRoutingHandler channelRead
INFO: Detected non-HTTP/2 connection.
 {"metadata":{"emulator":{"name":"firestore"},"message":"Aug 16, 2026 3:51:56 AM io.gapi.emulators.netty.HttpVersionRoutingHandler channelRead\r\nINFO: Detected non-HTTP/2 connection.\r\n"}}
[debug] [2026-08-15T22:51:56.815Z] Aug 16, 2026 3:51:56 AM io.gapi.emulators.netty.HttpVersionRoutingHandler channelRead
INFO: Detected non-HTTP/2 connection.
 {"metadata":{"emulator":{"name":"firestore"},"message":"Aug 16, 2026 3:51:56 AM io.gapi.emulators.netty.HttpVersionRoutingHandler channelRead\r\nINFO: Detected non-HTTP/2 connection.\r\n"}}
[debug] [2026-08-15T22:51:56.836Z] Aug 16, 2026 3:51:56 AM io.gapi.emulators.netty.HttpVersionRoutingHandler channelRead
INFO: Detected non-HTTP/2 connection.
 {"metadata":{"emulator":{"name":"firestore"},"message":"Aug 16, 2026 3:51:56 AM io.gapi.emulators.netty.HttpVersionRoutingHandler channelRead\r\nINFO: Detected non-HTTP/2 connection.\r\n"}}
[debug] [2026-08-15T22:51:56.861Z] Aug 16, 2026 3:51:56 AM io.gapi.emulators.netty.HttpVersionRoutingHandler channelRead
INFO: Detected non-HTTP/2 connection.
 {"metadata":{"emulator":{"name":"firestore"},"message":"Aug 16, 2026 3:51:56 AM io.gapi.emulators.netty.HttpVersionRoutingHandler channelRead\r\nINFO: Detected non-HTTP/2 connection.\r\n"}}
[debug] [2026-08-15T22:52:00.480Z] Aug 16, 2026 3:52:00 AM io.gapi.emulators.netty.HttpVersionRoutingHandler channelRead
INFO: Detected non-HTTP/2 connection.
 {"metadata":{"emulator":{"name":"firestore"},"message":"Aug 16, 2026 3:52:00 AM io.gapi.emulators.netty.HttpVersionRoutingHandler channelRead\r\nINFO: Detected non-HTTP/2 connection.\r\n"}}
[debug] [2026-08-15T22:52:00.497Z] Aug 16, 2026 3:52:00 AM io.gapi.emulators.netty.HttpVersionRoutingHandler channelRead
INFO: Detected non-HTTP/2 connection.
 {"metadata":{"emulator":{"name":"firestore"},"message":"Aug 16, 2026 3:52:00 AM io.gapi.emulators.netty.HttpVersionRoutingHandler channelRead\r\nINFO: Detected non-HTTP/2 connection.\r\n"}}
[debug] [2026-08-15T22:52:00.550Z] Aug 16, 2026 3:52:00 AM io.gapi.emulators.netty.HttpVersionRoutingHandler channelRead
INFO: Detected non-HTTP/2 connection.
 {"metadata":{"emulator":{"name":"firestore"},"message":"Aug 16, 2026 3:52:00 AM io.gapi.emulators.netty.HttpVersionRoutingHandler channelRead\r\nINFO: Detected non-HTTP/2 connection.\r\n"}}
[debug] [2026-08-15T22:52:06.647Z] Aug 16, 2026 3:52:06 AM io.gapi.emulators.netty.HttpVersionRoutingHandler channelRead
INFO: Detected non-HTTP/2 connection.
 {"metadata":{"emulator":{"name":"firestore"},"message":"Aug 16, 2026 3:52:06 AM io.gapi.emulators.netty.HttpVersionRoutingHandler channelRead\r\nINFO: Detected non-HTTP/2 connection.\r\n"}}
[debug] [2026-08-15T22:52:06.715Z] Aug 16, 2026 3:52:06 AM io.gapi.emulators.netty.HttpVersionRoutingHandler channelRead
INFO: Detected non-HTTP/2 connection.
 {"metadata":{"emulator":{"name":"firestore"},"message":"Aug 16, 2026 3:52:06 AM io.gapi.emulators.netty.HttpVersionRoutingHandler channelRead\r\nINFO: Detected non-HTTP/2 connection.\r\n"}}
[debug] [2026-08-15T22:52:30.283Z] Aug 16, 2026 3:52:30 AM io.gapi.emulators.netty.HttpVersionRoutingHandler channelRead
INFO: Detected non-HTTP/2 connection.
 {"metadata":{"emulator":{"name":"firestore"},"message":"Aug 16, 2026 3:52:30 AM io.gapi.emulators.netty.HttpVersionRoutingHandler channelRead\r\nINFO: Detected non-HTTP/2 connection.\r\n"}}
[debug] [2026-08-15T22:52:30.306Z] Aug 16, 2026 3:52:30 AM io.gapi.emulators.netty.HttpVersionRoutingHandler channelRead
INFO: Detected non-HTTP/2 connection.
 {"metadata":{"emulator":{"name":"firestore"},"message":"Aug 16, 2026 3:52:30 AM io.gapi.emulators.netty.HttpVersionRoutingHandler channelRead\r\nINFO: Detected non-HTTP/2 connection.\r\n"}}
[debug] [2026-08-15T22:52:30.363Z] Aug 16, 2026 3:52:30 AM io.gapi.emulators.netty.HttpVersionRoutingHandler channelRead
INFO: Detected non-HTTP/2 connection.
 {"metadata":{"emulator":{"name":"firestore"},"message":"Aug 16, 2026 3:52:30 AM io.gapi.emulators.netty.HttpVersionRoutingHandler channelRead\r\nINFO: Detected non-HTTP/2 connection.\r\n"}}
[debug] [2026-08-15T22:52:35.638Z] Aug 16, 2026 3:52:35 AM io.gapi.emulators.netty.HttpVersionRoutingHandler channelRead
INFO: Detected non-HTTP/2 connection.
 {"metadata":{"emulator":{"name":"firestore"},"message":"Aug 16, 2026 3:52:35 AM io.gapi.emulators.netty.HttpVersionRoutingHandler channelRead\r\nINFO: Detected non-HTTP/2 connection.\r\n"}}
[debug] [2026-08-15T22:52:35.686Z] Aug 16, 2026 3:52:35 AM io.gapi.emulators.netty.HttpVersionRoutingHandler channelRead
INFO: Detected non-HTTP/2 connection.
 {"metadata":{"emulator":{"name":"firestore"},"message":"Aug 16, 2026 3:52:35 AM io.gapi.emulators.netty.HttpVersionRoutingHandler channelRead\r\nINFO: Detected non-HTTP/2 connection.\r\n"}}
[debug] [2026-08-15T22:52:53.798Z] Aug 16, 2026 3:52:53 AM io.gapi.emulators.netty.HttpVersionRoutingHandler channelRead
INFO: Detected non-HTTP/2 connection.
 {"metadata":{"emulator":{"name":"firestore"},"message":"Aug 16, 2026 3:52:53 AM io.gapi.emulators.netty.HttpVersionRoutingHandler channelRead\r\nINFO: Detected non-HTTP/2 connection.\r\n"}}
[debug] [2026-08-15T22:52:53.860Z] Aug 16, 2026 3:52:53 AM io.gapi.emulators.netty.HttpVersionRoutingHandler channelRead
INFO: Detected non-HTTP/2 connection.
 {"metadata":{"emulator":{"name":"firestore"},"message":"Aug 16, 2026 3:52:53 AM io.gapi.emulators.netty.HttpVersionRoutingHandler channelRead\r\nINFO: Detected non-HTTP/2 connection.\r\n"}}
[debug] [2026-08-15T22:52:53.893Z] Aug 16, 2026 3:52:53 AM io.gapi.emulators.netty.HttpVersionRoutingHandler channelRead
INFO: Detected non-HTTP/2 connection.
 {"metadata":{"emulator":{"name":"firestore"},"message":"Aug 16, 2026 3:52:53 AM io.gapi.emulators.netty.HttpVersionRoutingHandler channelRead\r\nINFO: Detected non-HTTP/2 connection.\r\n"}}
[debug] [2026-08-15T22:52:53.973Z] Aug 16, 2026 3:52:53 AM io.gapi.emulators.netty.HttpVersionRoutingHandler channelRead
INFO: Detected non-HTTP/2 connection.
 {"metadata":{"emulator":{"name":"firestore"},"message":"Aug 16, 2026 3:52:53 AM io.gapi.emulators.netty.HttpVersionRoutingHandler channelRead\r\nINFO: Detected non-HTTP/2 connection.\r\n"}}
[debug] [2026-08-15T22:52:57.210Z] Aug 16, 2026 3:52:57 AM io.gapi.emulators.netty.HttpVersionRoutingHandler channelRead
INFO: Detected non-HTTP/2 connection.
 {"metadata":{"emulator":{"name":"firestore"},"message":"Aug 16, 2026 3:52:57 AM io.gapi.emulators.netty.HttpVersionRoutingHandler channelRead\r\nINFO: Detected non-HTTP/2 connection.\r\n"}}
[debug] [2026-08-15T22:52:57.231Z] Aug 16, 2026 3:52:57 AM io.gapi.emulators.netty.HttpVersionRoutingHandler channelRead
INFO: Detected non-HTTP/2 connection.
 {"metadata":{"emulator":{"name":"firestore"},"message":"Aug 16, 2026 3:52:57 AM io.gapi.emulators.netty.HttpVersionRoutingHandler channelRead\r\nINFO: Detected non-HTTP/2 connection.\r\n"}}
[debug] [2026-08-15T22:52:57.270Z] Aug 16, 2026 3:52:57 AM io.gapi.emulators.netty.HttpVersionRoutingHandler channelRead
INFO: Detected non-HTTP/2 connection.
 {"metadata":{"emulator":{"name":"firestore"},"message":"Aug 16, 2026 3:52:57 AM io.gapi.emulators.netty.HttpVersionRoutingHandler channelRead\r\nINFO: Detected non-HTTP/2 connection.\r\n"}}
[debug] [2026-08-15T22:53:54.066Z] Aug 16, 2026 3:53:54 AM io.gapi.emulators.netty.HttpVersionRoutingHandler channelRead
INFO: Detected non-HTTP/2 connection.
 {"metadata":{"emulator":{"name":"firestore"},"message":"Aug 16, 2026 3:53:54 AM io.gapi.emulators.netty.HttpVersionRoutingHandler channelRead\r\nINFO: Detected non-HTTP/2 connection.\r\n"}}
[debug] [2026-08-15T22:53:57.301Z] Aug 16, 2026 3:53:57 AM io.gapi.emulators.netty.HttpVersionRoutingHandler channelRead
INFO: Detected non-HTTP/2 connection.
 {"metadata":{"emulator":{"name":"firestore"},"message":"Aug 16, 2026 3:53:57 AM io.gapi.emulators.netty.HttpVersionRoutingHandler channelRead\r\nINFO: Detected non-HTTP/2 connection.\r\n"}}
[debug] [2026-08-15T22:55:04.203Z] Aug 16, 2026 3:55:04 AM io.gapi.emulators.netty.HttpVersionRoutingHandler channelRead
INFO: Detected non-HTTP/2 connection.
 {"metadata":{"emulator":{"name":"firestore"},"message":"Aug 16, 2026 3:55:04 AM io.gapi.emulators.netty.HttpVersionRoutingHandler channelRead\r\nINFO: Detected non-HTTP/2 connection.\r\n"}}
[debug] [2026-08-15T22:55:04.251Z] Aug 16, 2026 3:55:04 AM io.gapi.emulators.netty.HttpVersionRoutingHandler channelRead
INFO: Detected non-HTTP/2 connection.
 {"metadata":{"emulator":{"name":"firestore"},"message":"Aug 16, 2026 3:55:04 AM io.gapi.emulators.netty.HttpVersionRoutingHandler channelRead\r\nINFO: Detected non-HTTP/2 connection.\r\n"}}
[debug] [2026-08-15T22:56:04.311Z] Aug 16, 2026 3:56:04 AM io.gapi.emulators.netty.HttpVersionRoutingHandler channelRead
INFO: Detected non-HTTP/2 connection.
 {"metadata":{"emulator":{"name":"firestore"},"message":"Aug 16, 2026 3:56:04 AM io.gapi.emulators.netty.HttpVersionRoutingHandler channelRead\r\nINFO: Detected non-HTTP/2 connection.\r\n"}}
[debug] [2026-08-15T22:57:04.348Z] Aug 16, 2026 3:57:04 AM io.gapi.emulators.netty.HttpVersionRoutingHandler channelRead
INFO: Detected non-HTTP/2 connection.
 {"metadata":{"emulator":{"name":"firestore"},"message":"Aug 16, 2026 3:57:04 AM io.gapi.emulators.netty.HttpVersionRoutingHandler channelRead\r\nINFO: Detected non-HTTP/2 connection.\r\n"}}
[debug] [2026-08-15T22:57:26.835Z] Aug 16, 2026 3:57:26 AM io.gapi.emulators.netty.HttpVersionRoutingHandler channelRead
INFO: Detected non-HTTP/2 connection.
 {"metadata":{"emulator":{"name":"firestore"},"message":"Aug 16, 2026 3:57:26 AM io.gapi.emulators.netty.HttpVersionRoutingHandler channelRead\r\nINFO: Detected non-HTTP/2 connection.\r\n"}}
[debug] [2026-08-15T22:57:26.863Z] Aug 16, 2026 3:57:26 AM io.gapi.emulators.netty.HttpVersionRoutingHandler channelRead
INFO: Detected non-HTTP/2 connection.
 {"metadata":{"emulator":{"name":"firestore"},"message":"Aug 16, 2026 3:57:26 AM io.gapi.emulators.netty.HttpVersionRoutingHandler channelRead\r\nINFO: Detected non-HTTP/2 connection.\r\n"}}
[debug] [2026-08-15T22:57:26.889Z] Aug 16, 2026 3:57:26 AM io.gapi.emulators.netty.HttpVersionRoutingHandler channelRead
INFO: Detected non-HTTP/2 connection.
 {"metadata":{"emulator":{"name":"firestore"},"message":"Aug 16, 2026 3:57:26 AM io.gapi.emulators.netty.HttpVersionRoutingHandler channelRead\r\nINFO: Detected non-HTTP/2 connection.\r\n"}}
[debug] [2026-08-15T22:57:28.541Z] Aug 16, 2026 3:57:28 AM io.gapi.emulators.netty.HttpVersionRoutingHandler channelRead
INFO: Detected non-HTTP/2 connection.
 {"metadata":{"emulator":{"name":"firestore"},"message":"Aug 16, 2026 3:57:28 AM io.gapi.emulators.netty.HttpVersionRoutingHandler channelRead\r\nINFO: Detected non-HTTP/2 connection.\r\n"}}
[debug] [2026-08-15T22:57:28.557Z] Aug 16, 2026 3:57:28 AM io.gapi.emulators.netty.HttpVersionRoutingHandler channelRead
INFO: Detected non-HTTP/2 connection.
 {"metadata":{"emulator":{"name":"firestore"},"message":"Aug 16, 2026 3:57:28 AM io.gapi.emulators.netty.HttpVersionRoutingHandler channelRead\r\nINFO: Detected non-HTTP/2 connection.\r\n"}}
[debug] [2026-08-15T22:57:28.648Z] Aug 16, 2026 3:57:28 AM io.gapi.emulators.netty.HttpVersionRoutingHandler channelRead
INFO: Detected non-HTTP/2 connection.
 {"metadata":{"emulator":{"name":"firestore"},"message":"Aug 16, 2026 3:57:28 AM io.gapi.emulators.netty.HttpVersionRoutingHandler channelRead\r\nINFO: Detected non-HTTP/2 connection.\r\n"}}
[debug] [2026-08-15T22:58:14.222Z] Aug 16, 2026 3:58:14 AM io.gapi.emulators.netty.HttpVersionRoutingHandler channelRead
INFO: Detected non-HTTP/2 connection.
 {"metadata":{"emulator":{"name":"firestore"},"message":"Aug 16, 2026 3:58:14 AM io.gapi.emulators.netty.HttpVersionRoutingHandler channelRead\r\nINFO: Detected non-HTTP/2 connection.\r\n"}}
[debug] [2026-08-15T22:58:27.024Z] Aug 16, 2026 3:58:27 AM io.gapi.emulators.netty.HttpVersionRoutingHandler channelRead
INFO: Detected non-HTTP/2 connection.
 {"metadata":{"emulator":{"name":"firestore"},"message":"Aug 16, 2026 3:58:27 AM io.gapi.emulators.netty.HttpVersionRoutingHandler channelRead\r\nINFO: Detected non-HTTP/2 connection.\r\n"}}
[debug] [2026-08-15T22:59:50.285Z] Aug 16, 2026 3:59:50 AM io.gapi.emulators.netty.HttpVersionRoutingHandler channelRead
INFO: Detected non-HTTP/2 connection.
 {"metadata":{"emulator":{"name":"firestore"},"message":"Aug 16, 2026 3:59:50 AM io.gapi.emulators.netty.HttpVersionRoutingHandler channelRead\r\nINFO: Detected non-HTTP/2 connection.\r\n"}}
[debug] [2026-08-15T22:59:50.321Z] Aug 16, 2026 3:59:50 AM io.gapi.emulators.netty.HttpVersionRoutingHandler channelRead
INFO: Detected non-HTTP/2 connection.
 {"metadata":{"emulator":{"name":"firestore"},"message":"Aug 16, 2026 3:59:50 AM io.gapi.emulators.netty.HttpVersionRoutingHandler channelRead\r\nINFO: Detected non-HTTP/2 connection.\r\n"}}
[debug] [2026-08-15T23:00:02.979Z] Aug 16, 2026 4:00:02 AM io.gapi.emulators.netty.HttpVersionRoutingHandler channelRead
INFO: Detected non-HTTP/2 connection.
 {"metadata":{"emulator":{"name":"firestore"},"message":"Aug 16, 2026 4:00:02 AM io.gapi.emulators.netty.HttpVersionRoutingHandler channelRead\r\nINFO: Detected non-HTTP/2 connection.\r\n"}}
[debug] [2026-08-15T23:00:03.052Z] Aug 16, 2026 4:00:03 AM io.gapi.emulators.netty.HttpVersionRoutingHandler channelRead
INFO: Detected non-HTTP/2 connection.
 {"metadata":{"emulator":{"name":"firestore"},"message":"Aug 16, 2026 4:00:03 AM io.gapi.emulators.netty.HttpVersionRoutingHandler channelRead\r\nINFO: Detected non-HTTP/2 connection.\r\n"}}
[debug] [2026-08-15T23:00:03.074Z] Aug 16, 2026 4:00:03 AM io.gapi.emulators.netty.HttpVersionRoutingHandler channelRead
INFO: Detected non-HTTP/2 connection.
 {"metadata":{"emulator":{"name":"firestore"},"message":"Aug 16, 2026 4:00:03 AM io.gapi.emulators.netty.HttpVersionRoutingHandler channelRead\r\nINFO: Detected non-HTTP/2 connection.\r\n"}}
[debug] [2026-08-15T23:00:04.783Z] Aug 16, 2026 4:00:04 AM io.gapi.emulators.netty.HttpVersionRoutingHandler channelRead
INFO: Detected non-HTTP/2 connection.
 {"metadata":{"emulator":{"name":"firestore"},"message":"Aug 16, 2026 4:00:04 AM io.gapi.emulators.netty.HttpVersionRoutingHandler channelRead\r\nINFO: Detected non-HTTP/2 connection.\r\n"}}
[debug] [2026-08-15T23:00:04.796Z] Aug 16, 2026 4:00:04 AM io.gapi.emulators.netty.HttpVersionRoutingHandler channelRead
INFO: Detected non-HTTP/2 connection.
 {"metadata":{"emulator":{"name":"firestore"},"message":"Aug 16, 2026 4:00:04 AM io.gapi.emulators.netty.HttpVersionRoutingHandler channelRead\r\nINFO: Detected non-HTTP/2 connection.\r\n"}}
[debug] [2026-08-15T23:00:04.821Z] Aug 16, 2026 4:00:04 AM io.gapi.emulators.netty.HttpVersionRoutingHandler channelRead
INFO: Detected non-HTTP/2 connection.
 {"metadata":{"emulator":{"name":"firestore"},"message":"Aug 16, 2026 4:00:04 AM io.gapi.emulators.netty.HttpVersionRoutingHandler channelRead\r\nINFO: Detected non-HTTP/2 connection.\r\n"}}
[debug] [2026-08-15T23:01:04.855Z] Aug 16, 2026 4:01:04 AM io.gapi.emulators.netty.HttpVersionRoutingHandler channelRead
INFO: Detected non-HTTP/2 connection.
 {"metadata":{"emulator":{"name":"firestore"},"message":"Aug 16, 2026 4:01:04 AM io.gapi.emulators.netty.HttpVersionRoutingHandler channelRead\r\nINFO: Detected non-HTTP/2 connection.\r\n"}}
[debug] [2026-08-15T23:04:28.681Z] Aug 16, 2026 4:04:28 AM io.gapi.emulators.netty.HttpVersionRoutingHandler channelRead
INFO: Detected non-HTTP/2 connection.
 {"metadata":{"emulator":{"name":"firestore"},"message":"Aug 16, 2026 4:04:28 AM io.gapi.emulators.netty.HttpVersionRoutingHandler channelRead\r\nINFO: Detected non-HTTP/2 connection.\r\n"}}
[debug] [2026-08-15T23:04:28.733Z] Aug 16, 2026 4:04:28 AM io.gapi.emulators.netty.HttpVersionRoutingHandler channelRead
INFO: Detected non-HTTP/2 connection.
 {"metadata":{"emulator":{"name":"firestore"},"message":"Aug 16, 2026 4:04:28 AM io.gapi.emulators.netty.HttpVersionRoutingHandler channelRead\r\nINFO: Detected non-HTTP/2 connection.\r\n"}}
[debug] [2026-08-15T23:04:44.096Z] Aug 16, 2026 4:04:44 AM io.gapi.emulators.netty.HttpVersionRoutingHandler channelRead
INFO: Detected non-HTTP/2 connection.
 {"metadata":{"emulator":{"name":"firestore"},"message":"Aug 16, 2026 4:04:44 AM io.gapi.emulators.netty.HttpVersionRoutingHandler channelRead\r\nINFO: Detected non-HTTP/2 connection.\r\n"}}
[debug] [2026-08-15T23:04:44.142Z] Aug 16, 2026 4:04:44 AM io.gapi.emulators.netty.HttpVersionRoutingHandler channelRead
INFO: Detected non-HTTP/2 connection.
 {"metadata":{"emulator":{"name":"firestore"},"message":"Aug 16, 2026 4:04:44 AM io.gapi.emulators.netty.HttpVersionRoutingHandler channelRead\r\nINFO: Detected non-HTTP/2 connection.\r\n"}}
[debug] [2026-08-15T23:04:44.142Z] Aug 16, 2026 4:04:44 AM io.gapi.emulators.netty.HttpVersionRoutingHandler channelRead
INFO: Detected non-HTTP/2 connection.
 {"metadata":{"emulator":{"name":"firestore"},"message":"Aug 16, 2026 4:04:44 AM io.gapi.emulators.netty.HttpVersionRoutingHandler channelRead\r\nINFO: Detected non-HTTP/2 connection.\r\n"}}
[debug] [2026-08-15T23:04:44.187Z] Aug 16, 2026 4:04:44 AM io.gapi.emulators.netty.HttpVersionRoutingHandler channelRead
INFO: Detected non-HTTP/2 connection.
 {"metadata":{"emulator":{"name":"firestore"},"message":"Aug 16, 2026 4:04:44 AM io.gapi.emulators.netty.HttpVersionRoutingHandler channelRead\r\nINFO: Detected non-HTTP/2 connection.\r\n"}}
[debug] [2026-08-15T23:04:44.200Z] Aug 16, 2026 4:04:44 AM io.gapi.emulators.netty.HttpVersionRoutingHandler channelRead
INFO: Detected non-HTTP/2 connection.
 {"metadata":{"emulator":{"name":"firestore"},"message":"Aug 16, 2026 4:04:44 AM io.gapi.emulators.netty.HttpVersionRoutingHandler channelRead\r\nINFO: Detected non-HTTP/2 connection.\r\n"}}
[debug] [2026-08-15T23:04:48.228Z] Aug 16, 2026 4:04:48 AM io.gapi.emulators.netty.HttpVersionRoutingHandler channelRead
INFO: Detected non-HTTP/2 connection.
 {"metadata":{"emulator":{"name":"firestore"},"message":"Aug 16, 2026 4:04:48 AM io.gapi.emulators.netty.HttpVersionRoutingHandler channelRead\r\nINFO: Detected non-HTTP/2 connection.\r\n"}}
[debug] [2026-08-15T23:04:48.251Z] Aug 16, 2026 4:04:48 AM io.gapi.emulators.netty.HttpVersionRoutingHandler channelRead
INFO: Detected non-HTTP/2 connection.
 {"metadata":{"emulator":{"name":"firestore"},"message":"Aug 16, 2026 4:04:48 AM io.gapi.emulators.netty.HttpVersionRoutingHandler channelRead\r\nINFO: Detected non-HTTP/2 connection.\r\n"}}
[debug] [2026-08-15T23:04:48.301Z] Aug 16, 2026 4:04:48 AM io.gapi.emulators.netty.HttpVersionRoutingHandler channelRead
INFO: Detected non-HTTP/2 connection.
 {"metadata":{"emulator":{"name":"firestore"},"message":"Aug 16, 2026 4:04:48 AM io.gapi.emulators.netty.HttpVersionRoutingHandler channelRead\r\nINFO: Detected non-HTTP/2 connection.\r\n"}}
[debug] [2026-08-15T23:05:18.337Z] Aug 16, 2026 4:05:18 AM io.gapi.emulators.netty.HttpVersionRoutingHandler channelRead
INFO: Detected non-HTTP/2 connection.
 {"metadata":{"emulator":{"name":"firestore"},"message":"Aug 16, 2026 4:05:18 AM io.gapi.emulators.netty.HttpVersionRoutingHandler channelRead\r\nINFO: Detected non-HTTP/2 connection.\r\n"}}
[debug] [2026-08-15T23:05:19.240Z] Aug 16, 2026 4:05:19 AM io.gapi.emulators.netty.HttpVersionRoutingHandler channelRead
INFO: Detected non-HTTP/2 connection.
 {"metadata":{"emulator":{"name":"firestore"},"message":"Aug 16, 2026 4:05:19 AM io.gapi.emulators.netty.HttpVersionRoutingHandler channelRead\r\nINFO: Detected non-HTTP/2 connection.\r\n"}}
[debug] [2026-08-15T23:05:32.413Z] Aug 16, 2026 4:05:32 AM io.gapi.emulators.netty.HttpVersionRoutingHandler channelRead
INFO: Detected non-HTTP/2 connection.
 {"metadata":{"emulator":{"name":"firestore"},"message":"Aug 16, 2026 4:05:32 AM io.gapi.emulators.netty.HttpVersionRoutingHandler channelRead\r\nINFO: Detected non-HTTP/2 connection.\r\n"}}
[debug] [2026-08-15T23:05:32.481Z] Aug 16, 2026 4:05:32 AM io.gapi.emulators.netty.HttpVersionRoutingHandler channelRead
INFO: Detected non-HTTP/2 connection.
 {"metadata":{"emulator":{"name":"firestore"},"message":"Aug 16, 2026 4:05:32 AM io.gapi.emulators.netty.HttpVersionRoutingHandler channelRead\r\nINFO: Detected non-HTTP/2 connection.\r\n"}}
[debug] [2026-08-15T23:06:05.237Z] Aug 16, 2026 4:06:05 AM io.gapi.emulators.netty.HttpVersionRoutingHandler channelRead
INFO: Detected non-HTTP/2 connection.
 {"metadata":{"emulator":{"name":"firestore"},"message":"Aug 16, 2026 4:06:05 AM io.gapi.emulators.netty.HttpVersionRoutingHandler channelRead\r\nINFO: Detected non-HTTP/2 connection.\r\n"}}
[debug] [2026-08-15T23:06:09.764Z] Aug 16, 2026 4:06:09 AM io.gapi.emulators.netty.HttpVersionRoutingHandler channelRead
INFO: Detected non-HTTP/2 connection.
 {"metadata":{"emulator":{"name":"firestore"},"message":"Aug 16, 2026 4:06:09 AM io.gapi.emulators.netty.HttpVersionRoutingHandler channelRead\r\nINFO: Detected non-HTTP/2 connection.\r\n"}}
[debug] [2026-08-15T23:06:09.783Z] Aug 16, 2026 4:06:09 AM io.gapi.emulators.netty.HttpVersionRoutingHandler channelRead
INFO: Detected non-HTTP/2 connection.
 {"metadata":{"emulator":{"name":"firestore"},"message":"Aug 16, 2026 4:06:09 AM io.gapi.emulators.netty.HttpVersionRoutingHandler channelRead\r\nINFO: Detected non-HTTP/2 connection.\r\n"}}
[debug] [2026-08-15T23:06:09.785Z] Aug 16, 2026 4:06:09 AM io.gapi.emulators.netty.HttpVersionRoutingHandler channelRead
INFO: Detected non-HTTP/2 connection.
 {"metadata":{"emulator":{"name":"firestore"},"message":"Aug 16, 2026 4:06:09 AM io.gapi.emulators.netty.HttpVersionRoutingHandler channelRead\r\nINFO: Detected non-HTTP/2 connection.\r\n"}}
[debug] [2026-08-15T23:06:09.817Z] Aug 16, 2026 4:06:09 AM io.gapi.emulators.netty.HttpVersionRoutingHandler channelRead
INFO: Detected non-HTTP/2 connection.
 {"metadata":{"emulator":{"name":"firestore"},"message":"Aug 16, 2026 4:06:09 AM io.gapi.emulators.netty.HttpVersionRoutingHandler channelRead\r\nINFO: Detected non-HTTP/2 connection.\r\n"}}
[debug] [2026-08-15T23:07:09.848Z] Aug 16, 2026 4:07:09 AM io.gapi.emulators.netty.HttpVersionRoutingHandler channelRead
INFO: Detected non-HTTP/2 connection.
 {"metadata":{"emulator":{"name":"firestore"},"message":"Aug 16, 2026 4:07:09 AM io.gapi.emulators.netty.HttpVersionRoutingHandler channelRead\r\nINFO: Detected non-HTTP/2 connection.\r\n"}}
[debug] [2026-08-15T23:21:08.174Z] Aug 16, 2026 4:21:08 AM com.google.cloud.datastore.emulator.firestore.websocket.WebSocketChannelHandler channelClosed
INFO: Websocket client disconnected
 {"metadata":{"emulator":{"name":"firestore"},"message":"Aug 16, 2026 4:21:08 AM com.google.cloud.datastore.emulator.firestore.websocket.WebSocketChannelHandler channelClosed\r\nINFO: Websocket client disconnected\r\n"}}
[debug] [2026-08-15T23:34:46.232Z] Aug 16, 2026 4:34:46 AM com.google.cloud.datastore.emulator.firestore.websocket.WebSocketChannelHandler initChannel
INFO: Connected to new websocket client
 {"metadata":{"emulator":{"name":"firestore"},"message":"Aug 16, 2026 4:34:46 AM com.google.cloud.datastore.emulator.firestore.websocket.WebSocketChannelHandler initChannel\r\nINFO: Connected to new websocket client\r\n"}}
[debug] [2026-08-15T23:34:48.282Z] Aug 16, 2026 4:34:48 AM io.gapi.emulators.netty.HttpVersionRoutingHandler channelRead
INFO: Detected non-HTTP/2 connection.
 {"metadata":{"emulator":{"name":"firestore"},"message":"Aug 16, 2026 4:34:48 AM io.gapi.emulators.netty.HttpVersionRoutingHandler channelRead\r\nINFO: Detected non-HTTP/2 connection.\r\n"}}
[debug] [2026-08-15T23:34:48.614Z] Aug 16, 2026 4:34:48 AM io.gapi.emulators.netty.HttpVersionRoutingHandler channelRead
INFO: Detected non-HTTP/2 connection.
 {"metadata":{"emulator":{"name":"firestore"},"message":"Aug 16, 2026 4:34:48 AM io.gapi.emulators.netty.HttpVersionRoutingHandler channelRead\r\nINFO: Detected non-HTTP/2 connection.\r\n"}}
[debug] [2026-08-15T23:34:48.660Z] Aug 16, 2026 4:34:48 AM io.gapi.emulators.netty.HttpVersionRoutingHandler channelRead
INFO: Detected non-HTTP/2 connection.
 {"metadata":{"emulator":{"name":"firestore"},"message":"Aug 16, 2026 4:34:48 AM io.gapi.emulators.netty.HttpVersionRoutingHandler channelRead\r\nINFO: Detected non-HTTP/2 connection.\r\n"}}
[debug] [2026-08-15T23:34:48.687Z] Aug 16, 2026 4:34:48 AM io.gapi.emulators.netty.HttpVersionRoutingHandler channelRead
INFO: Detected non-HTTP/2 connection.
 {"metadata":{"emulator":{"name":"firestore"},"message":"Aug 16, 2026 4:34:48 AM io.gapi.emulators.netty.HttpVersionRoutingHandler channelRead\r\nINFO: Detected non-HTTP/2 connection.\r\n"}}
[debug] [2026-08-15T23:34:48.784Z] Aug 16, 2026 4:34:48 AM io.gapi.emulators.netty.HttpVersionRoutingHandler channelRead
INFO: Detected non-HTTP/2 connection.
 {"metadata":{"emulator":{"name":"firestore"},"message":"Aug 16, 2026 4:34:48 AM io.gapi.emulators.netty.HttpVersionRoutingHandler channelRead\r\nINFO: Detected non-HTTP/2 connection.\r\n"}}
[debug] [2026-08-15T23:34:53.624Z] Aug 16, 2026 4:34:53 AM io.gapi.emulators.netty.HttpVersionRoutingHandler channelRead
INFO: Detected non-HTTP/2 connection.
 {"metadata":{"emulator":{"name":"firestore"},"message":"Aug 16, 2026 4:34:53 AM io.gapi.emulators.netty.HttpVersionRoutingHandler channelRead\r\nINFO: Detected non-HTTP/2 connection.\r\n"}}
[debug] [2026-08-15T23:34:56.367Z] Aug 16, 2026 4:34:56 AM io.gapi.emulators.netty.HttpVersionRoutingHandler channelRead
INFO: Detected non-HTTP/2 connection.
 {"metadata":{"emulator":{"name":"firestore"},"message":"Aug 16, 2026 4:34:56 AM io.gapi.emulators.netty.HttpVersionRoutingHandler channelRead\r\nINFO: Detected non-HTTP/2 connection.\r\n"}}
[debug] [2026-08-15T23:34:58.850Z] Aug 16, 2026 4:34:58 AM io.gapi.emulators.netty.HttpVersionRoutingHandler channelRead
INFO: Detected non-HTTP/2 connection.
 {"metadata":{"emulator":{"name":"firestore"},"message":"Aug 16, 2026 4:34:58 AM io.gapi.emulators.netty.HttpVersionRoutingHandler channelRead\r\nINFO: Detected non-HTTP/2 connection.\r\n"}}
[debug] [2026-08-15T23:34:58.978Z] Aug 16, 2026 4:34:58 AM io.gapi.emulators.netty.HttpVersionRoutingHandler channelRead
INFO: Detected non-HTTP/2 connection.
 {"metadata":{"emulator":{"name":"firestore"},"message":"Aug 16, 2026 4:34:58 AM io.gapi.emulators.netty.HttpVersionRoutingHandler channelRead\r\nINFO: Detected non-HTTP/2 connection.\r\n"}}
[debug] [2026-08-15T23:35:05.448Z] Aug 16, 2026 4:35:05 AM io.gapi.emulators.netty.HttpVersionRoutingHandler channelRead
INFO: Detected non-HTTP/2 connection.
 {"metadata":{"emulator":{"name":"firestore"},"message":"Aug 16, 2026 4:35:05 AM io.gapi.emulators.netty.HttpVersionRoutingHandler channelRead\r\nINFO: Detected non-HTTP/2 connection.\r\n"}}
[debug] [2026-08-15T23:35:05.475Z] Aug 16, 2026 4:35:05 AM io.gapi.emulators.netty.HttpVersionRoutingHandler channelRead
INFO: Detected non-HTTP/2 connection.
 {"metadata":{"emulator":{"name":"firestore"},"message":"Aug 16, 2026 4:35:05 AM io.gapi.emulators.netty.HttpVersionRoutingHandler channelRead\r\nINFO: Detected non-HTTP/2 connection.\r\n"}}
[debug] [2026-08-15T23:35:05.541Z] Aug 16, 2026 4:35:05 AM io.gapi.emulators.netty.HttpVersionRoutingHandler channelRead
INFO: Detected non-HTTP/2 connection.
 {"metadata":{"emulator":{"name":"firestore"},"message":"Aug 16, 2026 4:35:05 AM io.gapi.emulators.netty.HttpVersionRoutingHandler channelRead\r\nINFO: Detected non-HTTP/2 connection.\r\n"}}
[debug] [2026-08-15T23:35:10.733Z] Aug 16, 2026 4:35:10 AM io.gapi.emulators.netty.HttpVersionRoutingHandler channelRead
INFO: Detected non-HTTP/2 connection.
 {"metadata":{"emulator":{"name":"firestore"},"message":"Aug 16, 2026 4:35:10 AM io.gapi.emulators.netty.HttpVersionRoutingHandler channelRead\r\nINFO: Detected non-HTTP/2 connection.\r\n"}}
[debug] [2026-08-15T23:35:10.805Z] Aug 16, 2026 4:35:10 AM io.gapi.emulators.netty.HttpVersionRoutingHandler channelRead
INFO: Detected non-HTTP/2 connection.
 {"metadata":{"emulator":{"name":"firestore"},"message":"Aug 16, 2026 4:35:10 AM io.gapi.emulators.netty.HttpVersionRoutingHandler channelRead\r\nINFO: Detected non-HTTP/2 connection.\r\n"}}
[debug] [2026-08-15T23:35:30.068Z] Aug 16, 2026 4:35:30 AM io.gapi.emulators.netty.HttpVersionRoutingHandler channelRead
INFO: Detected non-HTTP/2 connection.
 {"metadata":{"emulator":{"name":"firestore"},"message":"Aug 16, 2026 4:35:30 AM io.gapi.emulators.netty.HttpVersionRoutingHandler channelRead\r\nINFO: Detected non-HTTP/2 connection.\r\n"}}
[debug] [2026-08-15T23:35:30.097Z] Aug 16, 2026 4:35:30 AM io.gapi.emulators.netty.HttpVersionRoutingHandler channelRead
INFO: Detected non-HTTP/2 connection.
 {"metadata":{"emulator":{"name":"firestore"},"message":"Aug 16, 2026 4:35:30 AM io.gapi.emulators.netty.HttpVersionRoutingHandler channelRead\r\nINFO: Detected non-HTTP/2 connection.\r\n"}}
[debug] [2026-08-15T23:35:30.150Z] Aug 16, 2026 4:35:30 AM io.gapi.emulators.netty.HttpVersionRoutingHandler channelRead
INFO: Detected non-HTTP/2 connection.
 {"metadata":{"emulator":{"name":"firestore"},"message":"Aug 16, 2026 4:35:30 AM io.gapi.emulators.netty.HttpVersionRoutingHandler channelRead\r\nINFO: Detected non-HTTP/2 connection.\r\n"}}
[debug] [2026-08-15T23:35:45.630Z] Aug 16, 2026 4:35:45 AM io.gapi.emulators.netty.HttpVersionRoutingHandler channelRead
INFO: Detected non-HTTP/2 connection.
 {"metadata":{"emulator":{"name":"firestore"},"message":"Aug 16, 2026 4:35:45 AM io.gapi.emulators.netty.HttpVersionRoutingHandler channelRead\r\nINFO: Detected non-HTTP/2 connection.\r\n"}}
[debug] [2026-08-15T23:35:45.713Z] Aug 16, 2026 4:35:45 AM io.gapi.emulators.netty.HttpVersionRoutingHandler channelRead
INFO: Detected non-HTTP/2 connection.
 {"metadata":{"emulator":{"name":"firestore"},"message":"Aug 16, 2026 4:35:45 AM io.gapi.emulators.netty.HttpVersionRoutingHandler channelRead\r\nINFO: Detected non-HTTP/2 connection.\r\n"}}
[debug] [2026-08-15T23:35:45.730Z] Aug 16, 2026 4:35:45 AM io.gapi.emulators.netty.HttpVersionRoutingHandler channelRead
INFO: Detected non-HTTP/2 connection.
 {"metadata":{"emulator":{"name":"firestore"},"message":"Aug 16, 2026 4:35:45 AM io.gapi.emulators.netty.HttpVersionRoutingHandler channelRead\r\nINFO: Detected non-HTTP/2 connection.\r\n"}}
[debug] [2026-08-15T23:35:47.782Z] Aug 16, 2026 4:35:47 AM io.gapi.emulators.netty.HttpVersionRoutingHandler channelRead
INFO: Detected non-HTTP/2 connection.
 {"metadata":{"emulator":{"name":"firestore"},"message":"Aug 16, 2026 4:35:47 AM io.gapi.emulators.netty.HttpVersionRoutingHandler channelRead\r\nINFO: Detected non-HTTP/2 connection.\r\n"}}
[debug] [2026-08-15T23:35:47.804Z] Aug 16, 2026 4:35:47 AM io.gapi.emulators.netty.HttpVersionRoutingHandler channelRead
INFO: Detected non-HTTP/2 connection.
 {"metadata":{"emulator":{"name":"firestore"},"message":"Aug 16, 2026 4:35:47 AM io.gapi.emulators.netty.HttpVersionRoutingHandler channelRead\r\nINFO: Detected non-HTTP/2 connection.\r\n"}}
[debug] [2026-08-15T23:35:47.861Z] Aug 16, 2026 4:35:47 AM io.gapi.emulators.netty.HttpVersionRoutingHandler channelRead
INFO: Detected non-HTTP/2 connection.
 {"metadata":{"emulator":{"name":"firestore"},"message":"Aug 16, 2026 4:35:47 AM io.gapi.emulators.netty.HttpVersionRoutingHandler channelRead\r\nINFO: Detected non-HTTP/2 connection.\r\n"}}
[debug] [2026-08-15T23:35:50.004Z] Aug 16, 2026 4:35:50 AM io.gapi.emulators.netty.HttpVersionRoutingHandler channelRead
INFO: Detected non-HTTP/2 connection.
 {"metadata":{"emulator":{"name":"firestore"},"message":"Aug 16, 2026 4:35:50 AM io.gapi.emulators.netty.HttpVersionRoutingHandler channelRead\r\nINFO: Detected non-HTTP/2 connection.\r\n"}}
[debug] [2026-08-15T23:35:52.162Z] Aug 16, 2026 4:35:52 AM io.gapi.emulators.netty.HttpVersionRoutingHandler channelRead
INFO: Detected non-HTTP/2 connection.
 {"metadata":{"emulator":{"name":"firestore"},"message":"Aug 16, 2026 4:35:52 AM io.gapi.emulators.netty.HttpVersionRoutingHandler channelRead\r\nINFO: Detected non-HTTP/2 connection.\r\n"}}
[debug] [2026-08-15T23:35:54.041Z] Aug 16, 2026 4:35:54 AM io.gapi.emulators.netty.HttpVersionRoutingHandler channelRead
INFO: Detected non-HTTP/2 connection.
 {"metadata":{"emulator":{"name":"firestore"},"message":"Aug 16, 2026 4:35:54 AM io.gapi.emulators.netty.HttpVersionRoutingHandler channelRead\r\nINFO: Detected non-HTTP/2 connection.\r\n"}}
[debug] [2026-08-15T23:35:54.113Z] Aug 16, 2026 4:35:54 AM io.gapi.emulators.netty.HttpVersionRoutingHandler channelRead
INFO: Detected non-HTTP/2 connection.
 {"metadata":{"emulator":{"name":"firestore"},"message":"Aug 16, 2026 4:35:54 AM io.gapi.emulators.netty.HttpVersionRoutingHandler channelRead\r\nINFO: Detected non-HTTP/2 connection.\r\n"}}
[debug] [2026-08-15T23:35:55.300Z] Aug 16, 2026 4:35:55 AM io.gapi.emulators.netty.HttpVersionRoutingHandler channelRead
INFO: Detected non-HTTP/2 connection.
 {"metadata":{"emulator":{"name":"firestore"},"message":"Aug 16, 2026 4:35:55 AM io.gapi.emulators.netty.HttpVersionRoutingHandler channelRead\r\nINFO: Detected non-HTTP/2 connection.\r\n"}}
[debug] [2026-08-15T23:35:55.317Z] Aug 16, 2026 4:35:55 AM io.gapi.emulators.netty.HttpVersionRoutingHandler channelRead
INFO: Detected non-HTTP/2 connection.
 {"metadata":{"emulator":{"name":"firestore"},"message":"Aug 16, 2026 4:35:55 AM io.gapi.emulators.netty.HttpVersionRoutingHandler channelRead\r\nINFO: Detected non-HTTP/2 connection.\r\n"}}
[debug] [2026-08-15T23:35:55.357Z] Aug 16, 2026 4:35:55 AM io.gapi.emulators.netty.HttpVersionRoutingHandler channelRead
INFO: Detected non-HTTP/2 connection.
 {"metadata":{"emulator":{"name":"firestore"},"message":"Aug 16, 2026 4:35:55 AM io.gapi.emulators.netty.HttpVersionRoutingHandler channelRead\r\nINFO: Detected non-HTTP/2 connection.\r\n"}}
[debug] [2026-08-15T23:36:55.430Z] Aug 16, 2026 4:36:55 AM io.gapi.emulators.netty.HttpVersionRoutingHandler channelRead
INFO: Detected non-HTTP/2 connection.
 {"metadata":{"emulator":{"name":"firestore"},"message":"Aug 16, 2026 4:36:55 AM io.gapi.emulators.netty.HttpVersionRoutingHandler channelRead\r\nINFO: Detected non-HTTP/2 connection.\r\n"}}
[debug] [2026-08-15T23:38:59.628Z] Aug 16, 2026 4:38:59 AM io.gapi.emulators.netty.HttpVersionRoutingHandler channelRead
INFO: Detected non-HTTP/2 connection.
 {"metadata":{"emulator":{"name":"firestore"},"message":"Aug 16, 2026 4:38:59 AM io.gapi.emulators.netty.HttpVersionRoutingHandler channelRead\r\nINFO: Detected non-HTTP/2 connection.\r\n"}}
[debug] [2026-08-15T23:38:59.655Z] Aug 16, 2026 4:38:59 AM io.gapi.emulators.netty.HttpVersionRoutingHandler channelRead
INFO: Detected non-HTTP/2 connection.
 {"metadata":{"emulator":{"name":"firestore"},"message":"Aug 16, 2026 4:38:59 AM io.gapi.emulators.netty.HttpVersionRoutingHandler channelRead\r\nINFO: Detected non-HTTP/2 connection.\r\n"}}
[debug] [2026-08-15T23:38:59.666Z] Aug 16, 2026 4:38:59 AM io.gapi.emulators.netty.HttpVersionRoutingHandler channelRead
INFO: Detected non-HTTP/2 connection.
 {"metadata":{"emulator":{"name":"firestore"},"message":"Aug 16, 2026 4:38:59 AM io.gapi.emulators.netty.HttpVersionRoutingHandler channelRead\r\nINFO: Detected non-HTTP/2 connection.\r\n"}}
[debug] [2026-08-15T23:38:59.855Z] Aug 16, 2026 4:38:59 AM com.google.cloud.datastore.emulator.impl.util.WrappedStreamObserver onError
WARNING: Operation failed: 
false for 'create' @ L33, false for 'update' @ L33
com.google.cloud.datastore.core.exception.DatastoreException: 
false for 'create' @ L33, false for 'update' @ L33
	at com.google.cloud.datastore.core.exception.DatastoreException$Builder.build(DatastoreException.java:152)
	at com.google.cloud.datastore.emulator.impl.rules.DefaultEmulatorRulesAuthorizer.verboseError(DefaultEmulatorRulesAuthorizer.java:349)
	at com.google.cloud.datastore.emulator.impl.rules.DefaultEmulatorRulesAuthorizer.withVerboseErrors(DefaultEmulatorRulesAuthorizer.java:326)
	at com.google.cloud.datastore.emulator.impl.rules.DefaultEmulatorRulesAuthorizer.checkCommit(DefaultEmulatorRulesAuthorizer.java:114)
	at com.google.cloud.datastore.emulator.impl.firestore.FirestoreEmulatorHelper.commitHelper(FirestoreEmulatorHelper.java:386)
	at com.google.cloud.datastore.emulator.impl.firestore.FirestoreEmulatorHelper.internalCommit(FirestoreEmulatorHelper.java:336)
	at com.google.cloud.datastore.emulator.impl.firestore.CloudFirestoreV1.internalCommit(CloudFirestoreV1.java:1245)
	at com.google.cloud.datastore.emulator.impl.firestore.CloudFirestoreV1.write(CloudFirestoreV1.java:1232)
	at com.google.cloud.datastore.emulator.impl.firestore.CloudFirestoreV1WriteStream.handleRequest(CloudFirestoreV1WriteStream.java:222)
	at com.google.cloud.datastore.emulator.impl.firestore.CloudFirestoreV1WriteStream.write(CloudFirestoreV1WriteStream.java:144)
	at com.google.cloud.datastore.emulator.impl.firestore.CloudFirestoreV1WriteStream.onNext(CloudFirestoreV1WriteStream.java:99)
	at com.google.cloud.datastore.emulator.impl.firestore.CloudFirestoreV1WriteStream.onNext(CloudFirestoreV1WriteStream.java:27)
	at com.google.cloud.datastore.emulator.firestore.webchannel.FirestoreV1WebChannelAdapter$FirestoreWriteHandler.onMessage(FirestoreV1WebChannelAdapter.java:160)
	at com.google.cloud.datastore.emulator.firestore.webchannel.FirestoreV1WebChannelAdapter$FirestoreWriteHandler.onMessage(FirestoreV1WebChannelAdapter.java:130)
	at com.google.net.webchannel.server.v8.ChannelInternalImpl.onMessage(ChannelInternalImpl.java:525)
	at com.google.net.webchannel.server.v8.ForwardChannel.deliverMessage(ForwardChannel.java:114)
	at com.google.net.webchannel.server.v8.ForwardChannel.processPendingRequest(ForwardChannel.java:93)
	at com.google.net.webchannel.server.v8.ForwardChannel.consume(ForwardChannel.java:67)
	at com.google.net.webchannel.server.v8.ForwardChannel.add(ForwardChannel.java:60)
	at com.google.net.webchannel.server.v8.ChannelInternalImpl.handleRequestBody(ChannelInternalImpl.java:290)
	at com.google.net.webchannel.server.v8.ChannelInternalImpl.processSessionRequest(ChannelInternalImpl.java:357)
	at com.google.net.webchannel.server.v8.ChannelInternalImpl.handle(ChannelInternalImpl.java:172)
	at com.google.net.webchannel.server.v8.ChannelInternalImpl.consume(ChannelInternalImpl.java:91)
	at com.google.net.webchannel.server.common.ChannelProcessor.run(ChannelProcessor.java:86)

 {"metadata":{"emulator":{"name":"firestore"},"message":"Aug 16, 2026 4:38:59 AM com.google.cloud.datastore.emulator.impl.util.WrappedStreamObserver onError\r\nWARNING: Operation failed: \nfalse for 'create' @ L33, false for 'update' @ L33\r\ncom.google.cloud.datastore.core.exception.DatastoreException: \nfalse for 'create' @ L33, false for 'update' @ L33\r\n\tat com.google.cloud.datastore.core.exception.DatastoreException$Builder.build(DatastoreException.java:152)\r\n\tat com.google.cloud.datastore.emulator.impl.rules.DefaultEmulatorRulesAuthorizer.verboseError(DefaultEmulatorRulesAuthorizer.java:349)\r\n\tat com.google.cloud.datastore.emulator.impl.rules.DefaultEmulatorRulesAuthorizer.withVerboseErrors(DefaultEmulatorRulesAuthorizer.java:326)\r\n\tat com.google.cloud.datastore.emulator.impl.rules.DefaultEmulatorRulesAuthorizer.checkCommit(DefaultEmulatorRulesAuthorizer.java:114)\r\n\tat com.google.cloud.datastore.emulator.impl.firestore.FirestoreEmulatorHelper.commitHelper(FirestoreEmulatorHelper.java:386)\r\n\tat com.google.cloud.datastore.emulator.impl.firestore.FirestoreEmulatorHelper.internalCommit(FirestoreEmulatorHelper.java:336)\r\n\tat com.google.cloud.datastore.emulator.impl.firestore.CloudFirestoreV1.internalCommit(CloudFirestoreV1.java:1245)\r\n\tat com.google.cloud.datastore.emulator.impl.firestore.CloudFirestoreV1.write(CloudFirestoreV1.java:1232)\r\n\tat com.google.cloud.datastore.emulator.impl.firestore.CloudFirestoreV1WriteStream.handleRequest(CloudFirestoreV1WriteStream.java:222)\r\n\tat com.google.cloud.datastore.emulator.impl.firestore.CloudFirestoreV1WriteStream.write(CloudFirestoreV1WriteStream.java:144)\r\n\tat com.google.cloud.datastore.emulator.impl.firestore.CloudFirestoreV1WriteStream.onNext(CloudFirestoreV1WriteStream.java:99)\r\n\tat com.google.cloud.datastore.emulator.impl.firestore.CloudFirestoreV1WriteStream.onNext(CloudFirestoreV1WriteStream.java:27)\r\n\tat com.google.cloud.datastore.emulator.firestore.webchannel.FirestoreV1WebChannelAdapter$FirestoreWriteHandler.onMessage(FirestoreV1WebChannelAdapter.java:160)\r\n\tat com.google.cloud.datastore.emulator.firestore.webchannel.FirestoreV1WebChannelAdapter$FirestoreWriteHandler.onMessage(FirestoreV1WebChannelAdapter.java:130)\r\n\tat com.google.net.webchannel.server.v8.ChannelInternalImpl.onMessage(ChannelInternalImpl.java:525)\r\n\tat com.google.net.webchannel.server.v8.ForwardChannel.deliverMessage(ForwardChannel.java:114)\r\n\tat com.google.net.webchannel.server.v8.ForwardChannel.processPendingRequest(ForwardChannel.java:93)\r\n\tat com.google.net.webchannel.server.v8.ForwardChannel.consume(ForwardChannel.java:67)\r\n\tat com.google.net.webchannel.server.v8.ForwardChannel.add(ForwardChannel.java:60)\r\n\tat com.google.net.webchannel.server.v8.ChannelInternalImpl.handleRequestBody(ChannelInternalImpl.java:290)\r\n\tat com.google.net.webchannel.server.v8.ChannelInternalImpl.processSessionRequest(ChannelInternalImpl.java:357)\r\n\tat com.google.net.webchannel.server.v8.ChannelInternalImpl.handle(ChannelInternalImpl.java:172)\r\n\tat com.google.net.webchannel.server.v8.ChannelInternalImpl.consume(ChannelInternalImpl.java:91)\r\n\tat com.google.net.webchannel.server.common.ChannelProcessor.run(ChannelProcessor.java:86)\r\n\r\n"}}
[debug] [2026-08-15T23:39:07.776Z] Aug 16, 2026 4:39:07 AM io.gapi.emulators.netty.HttpVersionRoutingHandler channelRead
INFO: Detected non-HTTP/2 connection.
 {"metadata":{"emulator":{"name":"firestore"},"message":"Aug 16, 2026 4:39:07 AM io.gapi.emulators.netty.HttpVersionRoutingHandler channelRead\r\nINFO: Detected non-HTTP/2 connection.\r\n"}}
[debug] [2026-08-15T23:39:07.833Z] Aug 16, 2026 4:39:07 AM io.gapi.emulators.netty.HttpVersionRoutingHandler channelRead
INFO: Detected non-HTTP/2 connection.
 {"metadata":{"emulator":{"name":"firestore"},"message":"Aug 16, 2026 4:39:07 AM io.gapi.emulators.netty.HttpVersionRoutingHandler channelRead\r\nINFO: Detected non-HTTP/2 connection.\r\n"}}
[debug] [2026-08-15T23:39:07.868Z] Aug 16, 2026 4:39:07 AM io.gapi.emulators.netty.HttpVersionRoutingHandler channelRead
INFO: Detected non-HTTP/2 connection.
 {"metadata":{"emulator":{"name":"firestore"},"message":"Aug 16, 2026 4:39:07 AM io.gapi.emulators.netty.HttpVersionRoutingHandler channelRead\r\nINFO: Detected non-HTTP/2 connection.\r\n"}}
[debug] [2026-08-15T23:39:07.964Z] Aug 16, 2026 4:39:07 AM com.google.cloud.datastore.emulator.impl.util.WrappedStreamObserver onError
WARNING: Operation failed: 
false for 'create' @ L33, false for 'update' @ L33
com.google.cloud.datastore.core.exception.DatastoreException: 
false for 'create' @ L33, false for 'update' @ L33
	at com.google.cloud.datastore.core.exception.DatastoreException$Builder.build(DatastoreException.java:152)
	at com.google.cloud.datastore.emulator.impl.rules.DefaultEmulatorRulesAuthorizer.verboseError(DefaultEmulatorRulesAuthorizer.java:349)
	at com.google.cloud.datastore.emulator.impl.rules.DefaultEmulatorRulesAuthorizer.withVerboseErrors(DefaultEmulatorRulesAuthorizer.java:326)
	at com.google.cloud.datastore.emulator.impl.rules.DefaultEmulatorRulesAuthorizer.checkCommit(DefaultEmulatorRulesAuthorizer.java:114)
	at com.google.cloud.datastore.emulator.impl.firestore.FirestoreEmulatorHelper.commitHelper(FirestoreEmulatorHelper.java:386)
	at com.google.cloud.datastore.emulator.impl.firestore.FirestoreEmulatorHelper.internalCommit(FirestoreEmulatorHelper.java:336)
	at com.google.cloud.datastore.emulator.impl.firestore.CloudFirestoreV1.internalCommit(CloudFirestoreV1.java:1245)
	at com.google.cloud.datastore.emulator.impl.firestore.CloudFirestoreV1.write(CloudFirestoreV1.java:1232)
	at com.google.cloud.datastore.emulator.impl.firestore.CloudFirestoreV1WriteStream.handleRequest(CloudFirestoreV1WriteStream.java:222)
	at com.google.cloud.datastore.emulator.impl.firestore.CloudFirestoreV1WriteStream.write(CloudFirestoreV1WriteStream.java:144)
	at com.google.cloud.datastore.emulator.impl.firestore.CloudFirestoreV1WriteStream.onNext(CloudFirestoreV1WriteStream.java:99)
	at com.google.cloud.datastore.emulator.impl.firestore.CloudFirestoreV1WriteStream.onNext(CloudFirestoreV1WriteStream.java:27)
	at com.google.cloud.datastore.emulator.firestore.webchannel.FirestoreV1WebChannelAdapter$FirestoreWriteHandler.onMessage(FirestoreV1WebChannelAdapter.java:160)
	at com.google.cloud.datastore.emulator.firestore.webchannel.FirestoreV1WebChannelAdapter$FirestoreWriteHandler.onMessage(FirestoreV1WebChannelAdapter.java:130)
	at com.google.net.webchannel.server.v8.ChannelInternalImpl.onMessage(ChannelInternalImpl.java:525)
	at com.google.net.webchannel.server.v8.ForwardChannel.deliverMessage(ForwardChannel.java:114)
	at com.google.net.webchannel.server.v8.ForwardChannel.processPendingRequest(ForwardChannel.java:93)
	at com.google.net.webchannel.server.v8.ForwardChannel.consume(ForwardChannel.java:67)
	at com.google.net.webchannel.server.v8.ForwardChannel.add(ForwardChannel.java:60)
	at com.google.net.webchannel.server.v8.ChannelInternalImpl.handleRequestBody(ChannelInternalImpl.java:290)
	at com.google.net.webchannel.server.v8.ChannelInternalImpl.processSessionRequest(ChannelInternalImpl.java:357)
	at com.google.net.webchannel.server.v8.ChannelInternalImpl.handle(ChannelInternalImpl.java:172)
	at com.google.net.webchannel.server.v8.ChannelInternalImpl.consume(ChannelInternalImpl.java:91)
	at com.google.net.webchannel.server.common.ChannelProcessor.run(ChannelProcessor.java:86)

 {"metadata":{"emulator":{"name":"firestore"},"message":"Aug 16, 2026 4:39:07 AM com.google.cloud.datastore.emulator.impl.util.WrappedStreamObserver onError\r\nWARNING: Operation failed: \nfalse for 'create' @ L33, false for 'update' @ L33\r\ncom.google.cloud.datastore.core.exception.DatastoreException: \nfalse for 'create' @ L33, false for 'update' @ L33\r\n\tat com.google.cloud.datastore.core.exception.DatastoreException$Builder.build(DatastoreException.java:152)\r\n\tat com.google.cloud.datastore.emulator.impl.rules.DefaultEmulatorRulesAuthorizer.verboseError(DefaultEmulatorRulesAuthorizer.java:349)\r\n\tat com.google.cloud.datastore.emulator.impl.rules.DefaultEmulatorRulesAuthorizer.withVerboseErrors(DefaultEmulatorRulesAuthorizer.java:326)\r\n\tat com.google.cloud.datastore.emulator.impl.rules.DefaultEmulatorRulesAuthorizer.checkCommit(DefaultEmulatorRulesAuthorizer.java:114)\r\n\tat com.google.cloud.datastore.emulator.impl.firestore.FirestoreEmulatorHelper.commitHelper(FirestoreEmulatorHelper.java:386)\r\n\tat com.google.cloud.datastore.emulator.impl.firestore.FirestoreEmulatorHelper.internalCommit(FirestoreEmulatorHelper.java:336)\r\n\tat com.google.cloud.datastore.emulator.impl.firestore.CloudFirestoreV1.internalCommit(CloudFirestoreV1.java:1245)\r\n\tat com.google.cloud.datastore.emulator.impl.firestore.CloudFirestoreV1.write(CloudFirestoreV1.java:1232)\r\n\tat com.google.cloud.datastore.emulator.impl.firestore.CloudFirestoreV1WriteStream.handleRequest(CloudFirestoreV1WriteStream.java:222)\r\n\tat com.google.cloud.datastore.emulator.impl.firestore.CloudFirestoreV1WriteStream.write(CloudFirestoreV1WriteStream.java:144)\r\n\tat com.google.cloud.datastore.emulator.impl.firestore.CloudFirestoreV1WriteStream.onNext(CloudFirestoreV1WriteStream.java:99)\r\n\tat com.google.cloud.datastore.emulator.impl.firestore.CloudFirestoreV1WriteStream.onNext(CloudFirestoreV1WriteStream.java:27)\r\n\tat com.google.cloud.datastore.emulator.firestore.webchannel.FirestoreV1WebChannelAdapter$FirestoreWriteHandler.onMessage(FirestoreV1WebChannelAdapter.java:160)\r\n\tat com.google.cloud.datastore.emulator.firestore.webchannel.FirestoreV1WebChannelAdapter$FirestoreWriteHandler.onMessage(FirestoreV1WebChannelAdapter.java:130)\r\n\tat com.google.net.webchannel.server.v8.ChannelInternalImpl.onMessage(ChannelInternalImpl.java:525)\r\n\tat com.google.net.webchannel.server.v8.ForwardChannel.deliverMessage(ForwardChannel.java:114)\r\n\tat com.google.net.webchannel.server.v8.ForwardChannel.processPendingRequest(ForwardChannel.java:93)\r\n\tat com.google.net.webchannel.server.v8.ForwardChannel.consume(ForwardChannel.java:67)\r\n\tat com.google.net.webchannel.server.v8.ForwardChannel.add(ForwardChannel.java:60)\r\n\tat com.google.net.webchannel.server.v8.ChannelInternalImpl.handleRequestBody(ChannelInternalImpl.java:290)\r\n\tat com.google.net.webchannel.server.v8.ChannelInternalImpl.processSessionRequest(ChannelInternalImpl.java:357)\r\n\tat com.google.net.webchannel.server.v8.ChannelInternalImpl.handle(ChannelInternalImpl.java:172)\r\n\tat com.google.net.webchannel.server.v8.ChannelInternalImpl.consume(ChannelInternalImpl.java:91)\r\n\tat com.google.net.webchannel.server.common.ChannelProcessor.run(ChannelProcessor.java:86)\r\n\r\n"}}
[debug] [2026-08-15T23:39:30.568Z] Aug 16, 2026 4:39:30 AM io.gapi.emulators.netty.HttpVersionRoutingHandler channelRead
INFO: Detected non-HTTP/2 connection.
 {"metadata":{"emulator":{"name":"firestore"},"message":"Aug 16, 2026 4:39:30 AM io.gapi.emulators.netty.HttpVersionRoutingHandler channelRead\r\nINFO: Detected non-HTTP/2 connection.\r\n"}}
[debug] [2026-08-15T23:39:30.584Z] Aug 16, 2026 4:39:30 AM io.gapi.emulators.netty.HttpVersionRoutingHandler channelRead
INFO: Detected non-HTTP/2 connection.
 {"metadata":{"emulator":{"name":"firestore"},"message":"Aug 16, 2026 4:39:30 AM io.gapi.emulators.netty.HttpVersionRoutingHandler channelRead\r\nINFO: Detected non-HTTP/2 connection.\r\n"}}
[debug] [2026-08-15T23:39:30.595Z] Aug 16, 2026 4:39:30 AM io.gapi.emulators.netty.HttpVersionRoutingHandler channelRead
INFO: Detected non-HTTP/2 connection.
 {"metadata":{"emulator":{"name":"firestore"},"message":"Aug 16, 2026 4:39:30 AM io.gapi.emulators.netty.HttpVersionRoutingHandler channelRead\r\nINFO: Detected non-HTTP/2 connection.\r\n"}}
[debug] [2026-08-15T23:39:30.612Z] Aug 16, 2026 4:39:30 AM com.google.cloud.datastore.emulator.impl.util.WrappedStreamObserver onError
WARNING: Operation failed: 
false for 'create' @ L33, false for 'update' @ L33
com.google.cloud.datastore.core.exception.DatastoreException: 
false for 'create' @ L33, false for 'update' @ L33
	at com.google.cloud.datastore.core.exception.DatastoreException$Builder.build(DatastoreException.java:152)
	at com.google.cloud.datastore.emulator.impl.rules.DefaultEmulatorRulesAuthorizer.verboseError(DefaultEmulatorRulesAuthorizer.java:349)
	at com.google.cloud.datastore.emulator.impl.rules.DefaultEmulatorRulesAuthorizer.withVerboseErrors(DefaultEmulatorRulesAuthorizer.java:326)
	at com.google.cloud.datastore.emulator.impl.rules.DefaultEmulatorRulesAuthorizer.checkCommit(DefaultEmulatorRulesAuthorizer.java:114)
	at com.google.cloud.datastore.emulator.impl.firestore.FirestoreEmulatorHelper.commitHelper(FirestoreEmulatorHelper.java:386)
	at com.google.cloud.datastore.emulator.impl.firestore.FirestoreEmulatorHelper.internalCommit(FirestoreEmulatorHelper.java:336)
	at com.google.cloud.datastore.emulator.impl.firestore.CloudFirestoreV1.internalCommit(CloudFirestoreV1.java:1245)
	at com.google.cloud.datastore.emulator.impl.firestore.CloudFirestoreV1.write(CloudFirestoreV1.java:1232)
	at com.google.cloud.datastore.emulator.impl.firestore.CloudFirestoreV1WriteStream.handleRequest(CloudFirestoreV1WriteStream.java:222)
	at com.google.cloud.datastore.emulator.impl.firestore.CloudFirestoreV1WriteStream.write(CloudFirestoreV1WriteStream.java:144)
	at com.google.cloud.datastore.emulator.impl.firestore.CloudFirestoreV1WriteStream.onNext(CloudFirestoreV1WriteStream.java:99)
	at com.google.cloud.datastore.emulator.impl.firestore.CloudFirestoreV1WriteStream.onNext(CloudFirestoreV1WriteStream.java:27)
	at com.google.cloud.datastore.emulator.firestore.webchannel.FirestoreV1WebChannelAdapter$FirestoreWriteHandler.onMessage(FirestoreV1WebChannelAdapter.java:160)
	at com.google.cloud.datastore.emulator.firestore.webchannel.FirestoreV1WebChannelAdapter$FirestoreWriteHandler.onMessage(FirestoreV1WebChannelAdapter.java:130)
	at com.google.net.webchannel.server.v8.ChannelInternalImpl.onMessage(ChannelInternalImpl.java:525)
	at com.google.net.webchannel.server.v8.ForwardChannel.deliverMessage(ForwardChannel.java:114)
	at com.google.net.webchannel.server.v8.ForwardChannel.processPendingRequest(ForwardChannel.java:93)
	at com.google.net.webchannel.server.v8.ForwardChannel.consume(ForwardChannel.java:67)
	at com.google.net.webchannel.server.v8.ForwardChannel.add(ForwardChannel.java:60)
	at com.google.net.webchannel.server.v8.ChannelInternalImpl.handleRequestBody(ChannelInternalImpl.java:290)
	at com.google.net.webchannel.server.v8.ChannelInternalImpl.processSessionRequest(ChannelInternalImpl.java:357)
	at com.google.net.webchannel.server.v8.ChannelInternalImpl.handle(ChannelInternalImpl.java:172)
	at com.google.net.webchannel.server.v8.ChannelInternalImpl.consume(ChannelInternalImpl.java:91)
	at com.google.net.webchannel.server.common.ChannelProcessor.run(ChannelProcessor.java:86)

 {"metadata":{"emulator":{"name":"firestore"},"message":"Aug 16, 2026 4:39:30 AM com.google.cloud.datastore.emulator.impl.util.WrappedStreamObserver onError\r\nWARNING: Operation failed: \nfalse for 'create' @ L33, false for 'update' @ L33\r\ncom.google.cloud.datastore.core.exception.DatastoreException: \nfalse for 'create' @ L33, false for 'update' @ L33\r\n\tat com.google.cloud.datastore.core.exception.DatastoreException$Builder.build(DatastoreException.java:152)\r\n\tat com.google.cloud.datastore.emulator.impl.rules.DefaultEmulatorRulesAuthorizer.verboseError(DefaultEmulatorRulesAuthorizer.java:349)\r\n\tat com.google.cloud.datastore.emulator.impl.rules.DefaultEmulatorRulesAuthorizer.withVerboseErrors(DefaultEmulatorRulesAuthorizer.java:326)\r\n\tat com.google.cloud.datastore.emulator.impl.rules.DefaultEmulatorRulesAuthorizer.checkCommit(DefaultEmulatorRulesAuthorizer.java:114)\r\n\tat com.google.cloud.datastore.emulator.impl.firestore.FirestoreEmulatorHelper.commitHelper(FirestoreEmulatorHelper.java:386)\r\n\tat com.google.cloud.datastore.emulator.impl.firestore.FirestoreEmulatorHelper.internalCommit(FirestoreEmulatorHelper.java:336)\r\n\tat com.google.cloud.datastore.emulator.impl.firestore.CloudFirestoreV1.internalCommit(CloudFirestoreV1.java:1245)\r\n\tat com.google.cloud.datastore.emulator.impl.firestore.CloudFirestoreV1.write(CloudFirestoreV1.java:1232)\r\n\tat com.google.cloud.datastore.emulator.impl.firestore.CloudFirestoreV1WriteStream.handleRequest(CloudFirestoreV1WriteStream.java:222)\r\n\tat com.google.cloud.datastore.emulator.impl.firestore.CloudFirestoreV1WriteStream.write(CloudFirestoreV1WriteStream.java:144)\r\n\tat com.google.cloud.datastore.emulator.impl.firestore.CloudFirestoreV1WriteStream.onNext(CloudFirestoreV1WriteStream.java:99)\r\n\tat com.google.cloud.datastore.emulator.impl.firestore.CloudFirestoreV1WriteStream.onNext(CloudFirestoreV1WriteStream.java:27)\r\n\tat com.google.cloud.datastore.emulator.firestore.webchannel.FirestoreV1WebChannelAdapter$FirestoreWriteHandler.onMessage(FirestoreV1WebChannelAdapter.java:160)\r\n\tat com.google.cloud.datastore.emulator.firestore.webchannel.FirestoreV1WebChannelAdapter$FirestoreWriteHandler.onMessage(FirestoreV1WebChannelAdapter.java:130)\r\n\tat com.google.net.webchannel.server.v8.ChannelInternalImpl.onMessage(ChannelInternalImpl.java:525)\r\n\tat com.google.net.webchannel.server.v8.ForwardChannel.deliverMessage(ForwardChannel.java:114)\r\n\tat com.google.net.webchannel.server.v8.ForwardChannel.processPendingRequest(ForwardChannel.java:93)\r\n\tat com.google.net.webchannel.server.v8.ForwardChannel.consume(ForwardChannel.java:67)\r\n\tat com.google.net.webchannel.server.v8.ForwardChannel.add(ForwardChannel.java:60)\r\n\tat com.google.net.webchannel.server.v8.ChannelInternalImpl.handleRequestBody(ChannelInternalImpl.java:290)\r\n\tat com.google.net.webchannel.server.v8.ChannelInternalImpl.processSessionRequest(ChannelInternalImpl.java:357)\r\n\tat com.google.net.webchannel.server.v8.ChannelInternalImpl.handle(ChannelInternalImpl.java:172)\r\n\tat com.google.net.webchannel.server.v8.ChannelInternalImpl.consume(ChannelInternalImpl.java:91)\r\n\tat com.google.net.webchannel.server.common.ChannelProcessor.run(ChannelProcessor.java:86)\r\n\r\n"}}
[info] i  firestore: Change detected, updating rules... 
[debug] [2026-08-15T23:40:00.170Z] >>> [apiv2][query] PUT http://127.0.0.1:8080/emulator/v1/projects/demo-entryai-test:securityRules [none]
[debug] [2026-08-15T23:40:00.171Z] >>> [apiv2][body] PUT http://127.0.0.1:8080/emulator/v1/projects/demo-entryai-test:securityRules {"ignore_errors":true,"rules":{"files":[{"name":"security.rules","content":"rules_version = '2';\r\n\r\nservice cloud.firestore {\r\n  match /databases/{database}/documents {\r\n    \r\n    // Check if the current authenticated user has a member document in this company\r\n    function isCompanyMember(companyId) {\r\n      return request.auth != null && exists(/databases/$(database)/documents/companies/$(companyId)/members/$(request.auth.uid));\r\n    }\r\n    \r\n    match /users/{uid} {\r\n      // Users can only access their own profile\r\n      allow read, write: if request.auth != null && request.auth.uid == uid;\r\n    }\r\n    \r\n    match /companies/{companyId} {\r\n      allow create: if request.auth != null;\r\n      // Only members can read the core company data\r\n      allow read: if isCompanyMember(companyId);\r\n      // All other modifications require server logic or admin paths\r\n      allow update, delete: if false; \r\n      \r\n      match /members/{memberId} {\r\n        // Members can see who else is in the company\r\n        allow read: if isCompanyMember(companyId);\r\n        // Allow founders to join the company during setup\r\n        allow create: if request.auth != null && request.auth.uid == memberId;\r\n        allow update, delete: if false;\r\n      }\r\n      \r\n      match /connections/{connectionId} {\r\n        allow read, write: if isCompanyMember(companyId);\r\n      }\r\n      \r\n      match /documents/{docId} {\r\n        // Members have full CRUD access to their company's documents directly\r\n        allow read, write: if isCompanyMember(companyId);\r\n      }\r\n      \r\n      match /logs/{logId} {\r\n        allow read: if isCompanyMember(companyId);\r\n        allow write: if false; // logs are immutable and written natively by cloud functions\r\n      }\r\n    }\r\n  }\r\n}\r\n"}]}}
[debug] [2026-08-15T23:40:00.199Z] Aug 16, 2026 4:40:00 AM io.gapi.emulators.netty.HttpVersionRoutingHandler channelRead
INFO: Detected non-HTTP/2 connection.
 {"metadata":{"emulator":{"name":"firestore"},"message":"Aug 16, 2026 4:40:00 AM io.gapi.emulators.netty.HttpVersionRoutingHandler channelRead\r\nINFO: Detected non-HTTP/2 connection.\r\n"}}
[debug] [2026-08-15T23:40:00.444Z] Aug 16, 2026 4:40:00 AM io.grpc.netty.TcpMetrics loadEpollInfo
INFO: Epoll available during static init of TcpMetrics:false
 {"metadata":{"emulator":{"name":"firestore"},"message":"Aug 16, 2026 4:40:00 AM io.grpc.netty.TcpMetrics loadEpollInfo\r\nINFO: Epoll available during static init of TcpMetrics:false\r\n"}}
[debug] [2026-08-15T23:40:00.456Z] Aug 16, 2026 4:40:00 AM io.gapi.emulators.netty.HttpVersionRoutingHandler channelRead
INFO: Detected HTTP/2 connection.
 {"metadata":{"emulator":{"name":"firestore"},"message":"Aug 16, 2026 4:40:00 AM io.gapi.emulators.netty.HttpVersionRoutingHandler channelRead\r\nINFO: Detected HTTP/2 connection.\r\n"}}
[debug] [2026-08-15T23:40:00.591Z] <<< [apiv2][status] PUT http://127.0.0.1:8080/emulator/v1/projects/demo-entryai-test:securityRules 200
[debug] [2026-08-15T23:40:00.591Z] <<< [apiv2][body] PUT http://127.0.0.1:8080/emulator/v1/projects/demo-entryai-test:securityRules {}
[info] +  firestore: Rules updated. 
[debug] [2026-08-15T23:40:33.783Z] Aug 16, 2026 4:40:33 AM io.gapi.emulators.netty.HttpVersionRoutingHandler channelRead
INFO: Detected non-HTTP/2 connection.
 {"metadata":{"emulator":{"name":"firestore"},"message":"Aug 16, 2026 4:40:33 AM io.gapi.emulators.netty.HttpVersionRoutingHandler channelRead\r\nINFO: Detected non-HTTP/2 connection.\r\n"}}
[debug] [2026-08-15T23:40:33.800Z] Aug 16, 2026 4:40:33 AM io.gapi.emulators.netty.HttpVersionRoutingHandler channelRead
INFO: Detected non-HTTP/2 connection.
 {"metadata":{"emulator":{"name":"firestore"},"message":"Aug 16, 2026 4:40:33 AM io.gapi.emulators.netty.HttpVersionRoutingHandler channelRead\r\nINFO: Detected non-HTTP/2 connection.\r\n"}}
[debug] [2026-08-15T23:40:33.811Z] Aug 16, 2026 4:40:33 AM io.gapi.emulators.netty.HttpVersionRoutingHandler channelRead
INFO: Detected non-HTTP/2 connection.
 {"metadata":{"emulator":{"name":"firestore"},"message":"Aug 16, 2026 4:40:33 AM io.gapi.emulators.netty.HttpVersionRoutingHandler channelRead\r\nINFO: Detected non-HTTP/2 connection.\r\n"}}
[debug] [2026-08-15T23:40:37.330Z] Aug 16, 2026 4:40:37 AM io.gapi.emulators.netty.HttpVersionRoutingHandler channelRead
INFO: Detected non-HTTP/2 connection.
Aug 16, 2026 4:40:37 AM io.gapi.emulators.netty.HttpVersionRoutingHandler channelRead
INFO: Detected non-HTTP/2 connection.
 {"metadata":{"emulator":{"name":"firestore"},"message":"Aug 16, 2026 4:40:37 AM io.gapi.emulators.netty.HttpVersionRoutingHandler channelRead\r\nINFO: Detected non-HTTP/2 connection.\r\nAug 16, 2026 4:40:37 AM io.gapi.emulators.netty.HttpVersionRoutingHandler channelRead\r\nINFO: Detected non-HTTP/2 connection.\r\n"}}
[debug] [2026-08-15T23:40:37.338Z] Aug 16, 2026 4:40:37 AM io.gapi.emulators.netty.HttpVersionRoutingHandler channelRead
INFO: Detected non-HTTP/2 connection.
 {"metadata":{"emulator":{"name":"firestore"},"message":"Aug 16, 2026 4:40:37 AM io.gapi.emulators.netty.HttpVersionRoutingHandler channelRead\r\nINFO: Detected non-HTTP/2 connection.\r\n"}}
[debug] [2026-08-15T23:40:37.371Z] Aug 16, 2026 4:40:37 AM io.gapi.emulators.netty.HttpVersionRoutingHandler channelRead
INFO: Detected non-HTTP/2 connection.
 {"metadata":{"emulator":{"name":"firestore"},"message":"Aug 16, 2026 4:40:37 AM io.gapi.emulators.netty.HttpVersionRoutingHandler channelRead\r\nINFO: Detected non-HTTP/2 connection.\r\n"}}
[debug] [2026-08-15T23:40:40.071Z] Aug 16, 2026 4:40:40 AM io.gapi.emulators.netty.HttpVersionRoutingHandler channelRead
INFO: Detected non-HTTP/2 connection.
 {"metadata":{"emulator":{"name":"firestore"},"message":"Aug 16, 2026 4:40:40 AM io.gapi.emulators.netty.HttpVersionRoutingHandler channelRead\r\nINFO: Detected non-HTTP/2 connection.\r\n"}}
[debug] [2026-08-15T23:40:40.097Z] Aug 16, 2026 4:40:40 AM io.gapi.emulators.netty.HttpVersionRoutingHandler channelRead
INFO: Detected non-HTTP/2 connection.
 {"metadata":{"emulator":{"name":"firestore"},"message":"Aug 16, 2026 4:40:40 AM io.gapi.emulators.netty.HttpVersionRoutingHandler channelRead\r\nINFO: Detected non-HTTP/2 connection.\r\n"}}
[debug] [2026-08-15T23:40:40.126Z] Aug 16, 2026 4:40:40 AM io.gapi.emulators.netty.HttpVersionRoutingHandler channelRead
INFO: Detected non-HTTP/2 connection.
 {"metadata":{"emulator":{"name":"firestore"},"message":"Aug 16, 2026 4:40:40 AM io.gapi.emulators.netty.HttpVersionRoutingHandler channelRead\r\nINFO: Detected non-HTTP/2 connection.\r\n"}}
[debug] [2026-08-15T23:40:41.547Z] Aug 16, 2026 4:40:41 AM io.gapi.emulators.netty.HttpVersionRoutingHandler channelRead
INFO: Detected non-HTTP/2 connection.
 {"metadata":{"emulator":{"name":"firestore"},"message":"Aug 16, 2026 4:40:41 AM io.gapi.emulators.netty.HttpVersionRoutingHandler channelRead\r\nINFO: Detected non-HTTP/2 connection.\r\n"}}
[debug] [2026-08-15T23:40:41.597Z] Aug 16, 2026 4:40:41 AM io.gapi.emulators.netty.HttpVersionRoutingHandler channelRead
INFO: Detected non-HTTP/2 connection.
 {"metadata":{"emulator":{"name":"firestore"},"message":"Aug 16, 2026 4:40:41 AM io.gapi.emulators.netty.HttpVersionRoutingHandler channelRead\r\nINFO: Detected non-HTTP/2 connection.\r\n"}}
[debug] [2026-08-15T23:42:03.459Z] Aug 16, 2026 4:42:03 AM io.gapi.emulators.netty.HttpVersionRoutingHandler channelRead
INFO: Detected non-HTTP/2 connection.
 {"metadata":{"emulator":{"name":"firestore"},"message":"Aug 16, 2026 4:42:03 AM io.gapi.emulators.netty.HttpVersionRoutingHandler channelRead\r\nINFO: Detected non-HTTP/2 connection.\r\n"}}
[debug] [2026-08-15T23:42:03.505Z] Aug 16, 2026 4:42:03 AM io.gapi.emulators.netty.HttpVersionRoutingHandler channelRead
INFO: Detected non-HTTP/2 connection.
 {"metadata":{"emulator":{"name":"firestore"},"message":"Aug 16, 2026 4:42:03 AM io.gapi.emulators.netty.HttpVersionRoutingHandler channelRead\r\nINFO: Detected non-HTTP/2 connection.\r\n"}}
[debug] [2026-08-15T23:42:03.524Z] Aug 16, 2026 4:42:03 AM io.gapi.emulators.netty.HttpVersionRoutingHandler channelRead
INFO: Detected non-HTTP/2 connection.
 {"metadata":{"emulator":{"name":"firestore"},"message":"Aug 16, 2026 4:42:03 AM io.gapi.emulators.netty.HttpVersionRoutingHandler channelRead\r\nINFO: Detected non-HTTP/2 connection.\r\n"}}
[debug] [2026-08-15T23:42:05.702Z] Aug 16, 2026 4:42:05 AM io.gapi.emulators.netty.HttpVersionRoutingHandler channelRead
INFO: Detected non-HTTP/2 connection.
 {"metadata":{"emulator":{"name":"firestore"},"message":"Aug 16, 2026 4:42:05 AM io.gapi.emulators.netty.HttpVersionRoutingHandler channelRead\r\nINFO: Detected non-HTTP/2 connection.\r\n"}}
[debug] [2026-08-15T23:42:05.731Z] Aug 16, 2026 4:42:05 AM io.gapi.emulators.netty.HttpVersionRoutingHandler channelRead
INFO: Detected non-HTTP/2 connection.
 {"metadata":{"emulator":{"name":"firestore"},"message":"Aug 16, 2026 4:42:05 AM io.gapi.emulators.netty.HttpVersionRoutingHandler channelRead\r\nINFO: Detected non-HTTP/2 connection.\r\n"}}
[debug] [2026-08-15T23:42:05.758Z] Aug 16, 2026 4:42:05 AM io.gapi.emulators.netty.HttpVersionRoutingHandler channelRead
INFO: Detected non-HTTP/2 connection.
 {"metadata":{"emulator":{"name":"firestore"},"message":"Aug 16, 2026 4:42:05 AM io.gapi.emulators.netty.HttpVersionRoutingHandler channelRead\r\nINFO: Detected non-HTTP/2 connection.\r\n"}}
[debug] [2026-08-15T23:42:51.220Z] Aug 16, 2026 4:42:51 AM io.gapi.emulators.netty.HttpVersionRoutingHandler channelRead
INFO: Detected non-HTTP/2 connection.
 {"metadata":{"emulator":{"name":"firestore"},"message":"Aug 16, 2026 4:42:51 AM io.gapi.emulators.netty.HttpVersionRoutingHandler channelRead\r\nINFO: Detected non-HTTP/2 connection.\r\n"}}
[debug] [2026-08-15T23:43:03.798Z] Aug 16, 2026 4:43:03 AM io.gapi.emulators.netty.HttpVersionRoutingHandler channelRead
INFO: Detected non-HTTP/2 connection.
 {"metadata":{"emulator":{"name":"firestore"},"message":"Aug 16, 2026 4:43:03 AM io.gapi.emulators.netty.HttpVersionRoutingHandler channelRead\r\nINFO: Detected non-HTTP/2 connection.\r\n"}}
[debug] [2026-08-15T23:43:59.449Z] Aug 16, 2026 4:43:59 AM io.gapi.emulators.netty.HttpVersionRoutingHandler channelRead
INFO: Detected non-HTTP/2 connection.
 {"metadata":{"emulator":{"name":"firestore"},"message":"Aug 16, 2026 4:43:59 AM io.gapi.emulators.netty.HttpVersionRoutingHandler channelRead\r\nINFO: Detected non-HTTP/2 connection.\r\n"}}
[debug] [2026-08-15T23:43:59.497Z] Aug 16, 2026 4:43:59 AM io.gapi.emulators.netty.HttpVersionRoutingHandler channelRead
INFO: Detected non-HTTP/2 connection.
 {"metadata":{"emulator":{"name":"firestore"},"message":"Aug 16, 2026 4:43:59 AM io.gapi.emulators.netty.HttpVersionRoutingHandler channelRead\r\nINFO: Detected non-HTTP/2 connection.\r\n"}}
[debug] [2026-08-15T23:44:01.440Z] Aug 16, 2026 4:44:01 AM io.gapi.emulators.netty.HttpVersionRoutingHandler channelRead
INFO: Detected non-HTTP/2 connection.
 {"metadata":{"emulator":{"name":"firestore"},"message":"Aug 16, 2026 4:44:01 AM io.gapi.emulators.netty.HttpVersionRoutingHandler channelRead\r\nINFO: Detected non-HTTP/2 connection.\r\n"}}
[debug] [2026-08-15T23:44:01.455Z] Aug 16, 2026 4:44:01 AM io.gapi.emulators.netty.HttpVersionRoutingHandler channelRead
INFO: Detected non-HTTP/2 connection.
 {"metadata":{"emulator":{"name":"firestore"},"message":"Aug 16, 2026 4:44:01 AM io.gapi.emulators.netty.HttpVersionRoutingHandler channelRead\r\nINFO: Detected non-HTTP/2 connection.\r\n"}}
[debug] [2026-08-15T23:44:01.505Z] Aug 16, 2026 4:44:01 AM io.gapi.emulators.netty.HttpVersionRoutingHandler channelRead
INFO: Detected non-HTTP/2 connection.
 {"metadata":{"emulator":{"name":"firestore"},"message":"Aug 16, 2026 4:44:01 AM io.gapi.emulators.netty.HttpVersionRoutingHandler channelRead\r\nINFO: Detected non-HTTP/2 connection.\r\n"}}
[debug] [2026-08-15T23:44:04.304Z] Aug 16, 2026 4:44:04 AM io.gapi.emulators.netty.HttpVersionRoutingHandler channelRead
INFO: Detected non-HTTP/2 connection.
 {"metadata":{"emulator":{"name":"firestore"},"message":"Aug 16, 2026 4:44:04 AM io.gapi.emulators.netty.HttpVersionRoutingHandler channelRead\r\nINFO: Detected non-HTTP/2 connection.\r\n"}}
[debug] [2026-08-15T23:44:04.367Z] Aug 16, 2026 4:44:04 AM io.gapi.emulators.netty.HttpVersionRoutingHandler channelRead
INFO: Detected non-HTTP/2 connection.
 {"metadata":{"emulator":{"name":"firestore"},"message":"Aug 16, 2026 4:44:04 AM io.gapi.emulators.netty.HttpVersionRoutingHandler channelRead\r\nINFO: Detected non-HTTP/2 connection.\r\n"}}
[debug] [2026-08-15T23:44:21.052Z] Aug 16, 2026 4:44:21 AM io.gapi.emulators.netty.HttpVersionRoutingHandler channelRead
INFO: Detected non-HTTP/2 connection.
 {"metadata":{"emulator":{"name":"firestore"},"message":"Aug 16, 2026 4:44:21 AM io.gapi.emulators.netty.HttpVersionRoutingHandler channelRead\r\nINFO: Detected non-HTTP/2 connection.\r\n"}}
[debug] [2026-08-15T23:44:21.116Z] Aug 16, 2026 4:44:21 AM io.gapi.emulators.netty.HttpVersionRoutingHandler channelRead
INFO: Detected non-HTTP/2 connection.
 {"metadata":{"emulator":{"name":"firestore"},"message":"Aug 16, 2026 4:44:21 AM io.gapi.emulators.netty.HttpVersionRoutingHandler channelRead\r\nINFO: Detected non-HTTP/2 connection.\r\n"}}
[debug] [2026-08-15T23:44:21.118Z] Aug 16, 2026 4:44:21 AM io.gapi.emulators.netty.HttpVersionRoutingHandler channelRead
INFO: Detected non-HTTP/2 connection.
 {"metadata":{"emulator":{"name":"firestore"},"message":"Aug 16, 2026 4:44:21 AM io.gapi.emulators.netty.HttpVersionRoutingHandler channelRead\r\nINFO: Detected non-HTTP/2 connection.\r\n"}}
[debug] [2026-08-15T23:44:21.157Z] Aug 16, 2026 4:44:21 AM io.gapi.emulators.netty.HttpVersionRoutingHandler channelRead
INFO: Detected non-HTTP/2 connection.
 {"metadata":{"emulator":{"name":"firestore"},"message":"Aug 16, 2026 4:44:21 AM io.gapi.emulators.netty.HttpVersionRoutingHandler channelRead\r\nINFO: Detected non-HTTP/2 connection.\r\n"}}
[debug] [2026-08-15T23:44:21.181Z] Aug 16, 2026 4:44:21 AM io.gapi.emulators.netty.HttpVersionRoutingHandler channelRead
INFO: Detected non-HTTP/2 connection.
 {"metadata":{"emulator":{"name":"firestore"},"message":"Aug 16, 2026 4:44:21 AM io.gapi.emulators.netty.HttpVersionRoutingHandler channelRead\r\nINFO: Detected non-HTTP/2 connection.\r\n"}}
[debug] [2026-08-15T23:44:25.524Z] Aug 16, 2026 4:44:25 AM io.gapi.emulators.netty.HttpVersionRoutingHandler channelRead
INFO: Detected non-HTTP/2 connection.
 {"metadata":{"emulator":{"name":"firestore"},"message":"Aug 16, 2026 4:44:25 AM io.gapi.emulators.netty.HttpVersionRoutingHandler channelRead\r\nINFO: Detected non-HTTP/2 connection.\r\n"}}
[debug] [2026-08-15T23:44:25.544Z] Aug 16, 2026 4:44:25 AM io.gapi.emulators.netty.HttpVersionRoutingHandler channelRead
INFO: Detected non-HTTP/2 connection.
 {"metadata":{"emulator":{"name":"firestore"},"message":"Aug 16, 2026 4:44:25 AM io.gapi.emulators.netty.HttpVersionRoutingHandler channelRead\r\nINFO: Detected non-HTTP/2 connection.\r\n"}}
[debug] [2026-08-15T23:44:25.578Z] Aug 16, 2026 4:44:25 AM io.gapi.emulators.netty.HttpVersionRoutingHandler channelRead
INFO: Detected non-HTTP/2 connection.
 {"metadata":{"emulator":{"name":"firestore"},"message":"Aug 16, 2026 4:44:25 AM io.gapi.emulators.netty.HttpVersionRoutingHandler channelRead\r\nINFO: Detected non-HTTP/2 connection.\r\n"}}
[debug] [2026-08-15T23:44:27.704Z] Aug 16, 2026 4:44:27 AM io.gapi.emulators.netty.HttpVersionRoutingHandler channelRead
INFO: Detected non-HTTP/2 connection.
 {"metadata":{"emulator":{"name":"firestore"},"message":"Aug 16, 2026 4:44:27 AM io.gapi.emulators.netty.HttpVersionRoutingHandler channelRead\r\nINFO: Detected non-HTTP/2 connection.\r\n"}}
[debug] [2026-08-15T23:44:33.029Z] Aug 16, 2026 4:44:33 AM io.gapi.emulators.netty.HttpVersionRoutingHandler channelRead
INFO: Detected non-HTTP/2 connection.
 {"metadata":{"emulator":{"name":"firestore"},"message":"Aug 16, 2026 4:44:33 AM io.gapi.emulators.netty.HttpVersionRoutingHandler channelRead\r\nINFO: Detected non-HTTP/2 connection.\r\n"}}
[debug] [2026-08-15T23:44:33.091Z] Aug 16, 2026 4:44:33 AM io.gapi.emulators.netty.HttpVersionRoutingHandler channelRead
INFO: Detected non-HTTP/2 connection.
 {"metadata":{"emulator":{"name":"firestore"},"message":"Aug 16, 2026 4:44:33 AM io.gapi.emulators.netty.HttpVersionRoutingHandler channelRead\r\nINFO: Detected non-HTTP/2 connection.\r\n"}}
[debug] [2026-08-15T23:44:36.138Z] Aug 16, 2026 4:44:36 AM io.gapi.emulators.netty.HttpVersionRoutingHandler channelRead
INFO: Detected non-HTTP/2 connection.
 {"metadata":{"emulator":{"name":"firestore"},"message":"Aug 16, 2026 4:44:36 AM io.gapi.emulators.netty.HttpVersionRoutingHandler channelRead\r\nINFO: Detected non-HTTP/2 connection.\r\n"}}
[debug] [2026-08-15T23:45:03.118Z] Aug 16, 2026 4:45:03 AM io.gapi.emulators.netty.HttpVersionRoutingHandler channelRead
INFO: Detected non-HTTP/2 connection.
 {"metadata":{"emulator":{"name":"firestore"},"message":"Aug 16, 2026 4:45:03 AM io.gapi.emulators.netty.HttpVersionRoutingHandler channelRead\r\nINFO: Detected non-HTTP/2 connection.\r\n"}}
[debug] [2026-08-15T23:45:06.315Z] Aug 16, 2026 4:45:06 AM io.gapi.emulators.netty.HttpVersionRoutingHandler channelRead
INFO: Detected non-HTTP/2 connection.
 {"metadata":{"emulator":{"name":"firestore"},"message":"Aug 16, 2026 4:45:06 AM io.gapi.emulators.netty.HttpVersionRoutingHandler channelRead\r\nINFO: Detected non-HTTP/2 connection.\r\n"}}
[debug] [2026-08-15T23:53:47.967Z] Aug 16, 2026 4:53:47 AM com.google.cloud.datastore.emulator.firestore.websocket.WebSocketChannelHandler channelClosed
INFO: Websocket client disconnected
 {"metadata":{"emulator":{"name":"firestore"},"message":"Aug 16, 2026 4:53:47 AM com.google.cloud.datastore.emulator.firestore.websocket.WebSocketChannelHandler channelClosed\r\nINFO: Websocket client disconnected\r\n"}}
[debug] [2026-08-16T00:07:27.558Z] Aug 16, 2026 5:07:27 AM io.gapi.emulators.netty.HttpVersionRoutingHandler channelRead
INFO: Detected non-HTTP/2 connection.
 {"metadata":{"emulator":{"name":"firestore"},"message":"Aug 16, 2026 5:07:27 AM io.gapi.emulators.netty.HttpVersionRoutingHandler channelRead\r\nINFO: Detected non-HTTP/2 connection.\r\n"}}
[debug] [2026-08-16T00:07:27.691Z] Aug 16, 2026 5:07:27 AM io.gapi.emulators.netty.HttpVersionRoutingHandler channelRead
INFO: Detected non-HTTP/2 connection.
 {"metadata":{"emulator":{"name":"firestore"},"message":"Aug 16, 2026 5:07:27 AM io.gapi.emulators.netty.HttpVersionRoutingHandler channelRead\r\nINFO: Detected non-HTTP/2 connection.\r\n"}}
[debug] [2026-08-16T00:07:29.313Z] Aug 16, 2026 5:07:29 AM io.gapi.emulators.netty.HttpVersionRoutingHandler channelRead
INFO: Detected non-HTTP/2 connection.
 {"metadata":{"emulator":{"name":"firestore"},"message":"Aug 16, 2026 5:07:29 AM io.gapi.emulators.netty.HttpVersionRoutingHandler channelRead\r\nINFO: Detected non-HTTP/2 connection.\r\n"}}
[debug] [2026-08-16T00:07:29.426Z] Aug 16, 2026 5:07:29 AM io.gapi.emulators.netty.HttpVersionRoutingHandler channelRead
INFO: Detected non-HTTP/2 connection.
 {"metadata":{"emulator":{"name":"firestore"},"message":"Aug 16, 2026 5:07:29 AM io.gapi.emulators.netty.HttpVersionRoutingHandler channelRead\r\nINFO: Detected non-HTTP/2 connection.\r\n"}}
[debug] [2026-08-16T00:07:47.743Z] Aug 16, 2026 5:07:47 AM io.gapi.emulators.netty.HttpVersionRoutingHandler channelRead
INFO: Detected non-HTTP/2 connection.
 {"metadata":{"emulator":{"name":"firestore"},"message":"Aug 16, 2026 5:07:47 AM io.gapi.emulators.netty.HttpVersionRoutingHandler channelRead\r\nINFO: Detected non-HTTP/2 connection.\r\n"}}
[debug] [2026-08-16T00:07:47.774Z] Aug 16, 2026 5:07:47 AM io.gapi.emulators.netty.HttpVersionRoutingHandler channelRead
INFO: Detected non-HTTP/2 connection.
 {"metadata":{"emulator":{"name":"firestore"},"message":"Aug 16, 2026 5:07:47 AM io.gapi.emulators.netty.HttpVersionRoutingHandler channelRead\r\nINFO: Detected non-HTTP/2 connection.\r\n"}}
[debug] [2026-08-16T00:07:49.282Z] Aug 16, 2026 5:07:49 AM io.gapi.emulators.netty.HttpVersionRoutingHandler channelRead
INFO: Detected non-HTTP/2 connection.
 {"metadata":{"emulator":{"name":"firestore"},"message":"Aug 16, 2026 5:07:49 AM io.gapi.emulators.netty.HttpVersionRoutingHandler channelRead\r\nINFO: Detected non-HTTP/2 connection.\r\n"}}
[debug] [2026-08-16T00:07:49.305Z] Aug 16, 2026 5:07:49 AM io.gapi.emulators.netty.HttpVersionRoutingHandler channelRead
INFO: Detected non-HTTP/2 connection.
 {"metadata":{"emulator":{"name":"firestore"},"message":"Aug 16, 2026 5:07:49 AM io.gapi.emulators.netty.HttpVersionRoutingHandler channelRead\r\nINFO: Detected non-HTTP/2 connection.\r\n"}}
[debug] [2026-08-16T00:07:49.340Z] Aug 16, 2026 5:07:49 AM io.gapi.emulators.netty.HttpVersionRoutingHandler channelRead
INFO: Detected non-HTTP/2 connection.
 {"metadata":{"emulator":{"name":"firestore"},"message":"Aug 16, 2026 5:07:49 AM io.gapi.emulators.netty.HttpVersionRoutingHandler channelRead\r\nINFO: Detected non-HTTP/2 connection.\r\n"}}
[debug] [2026-08-16T00:07:51.150Z] Aug 16, 2026 5:07:51 AM io.gapi.emulators.netty.HttpVersionRoutingHandler channelRead
INFO: Detected non-HTTP/2 connection.
 {"metadata":{"emulator":{"name":"firestore"},"message":"Aug 16, 2026 5:07:51 AM io.gapi.emulators.netty.HttpVersionRoutingHandler channelRead\r\nINFO: Detected non-HTTP/2 connection.\r\n"}}
[debug] [2026-08-16T00:07:51.208Z] Aug 16, 2026 5:07:51 AM io.gapi.emulators.netty.HttpVersionRoutingHandler channelRead
INFO: Detected non-HTTP/2 connection.
 {"metadata":{"emulator":{"name":"firestore"},"message":"Aug 16, 2026 5:07:51 AM io.gapi.emulators.netty.HttpVersionRoutingHandler channelRead\r\nINFO: Detected non-HTTP/2 connection.\r\n"}}
[debug] [2026-08-16T00:07:52.667Z] Aug 16, 2026 5:07:52 AM io.gapi.emulators.netty.HttpVersionRoutingHandler channelRead
INFO: Detected non-HTTP/2 connection.
 {"metadata":{"emulator":{"name":"firestore"},"message":"Aug 16, 2026 5:07:52 AM io.gapi.emulators.netty.HttpVersionRoutingHandler channelRead\r\nINFO: Detected non-HTTP/2 connection.\r\n"}}
[debug] [2026-08-16T00:07:52.752Z] Aug 16, 2026 5:07:52 AM io.gapi.emulators.netty.HttpVersionRoutingHandler channelRead
INFO: Detected non-HTTP/2 connection.
 {"metadata":{"emulator":{"name":"firestore"},"message":"Aug 16, 2026 5:07:52 AM io.gapi.emulators.netty.HttpVersionRoutingHandler channelRead\r\nINFO: Detected non-HTTP/2 connection.\r\n"}}
[debug] [2026-08-16T00:08:38.238Z] Aug 16, 2026 5:08:38 AM io.gapi.emulators.netty.HttpVersionRoutingHandler channelRead
INFO: Detected non-HTTP/2 connection.
 {"metadata":{"emulator":{"name":"firestore"},"message":"Aug 16, 2026 5:08:38 AM io.gapi.emulators.netty.HttpVersionRoutingHandler channelRead\r\nINFO: Detected non-HTTP/2 connection.\r\n"}}
[debug] [2026-08-16T00:09:20.901Z] Aug 16, 2026 5:09:20 AM io.gapi.emulators.netty.HttpVersionRoutingHandler channelRead
INFO: Detected non-HTTP/2 connection.
 {"metadata":{"emulator":{"name":"firestore"},"message":"Aug 16, 2026 5:09:20 AM io.gapi.emulators.netty.HttpVersionRoutingHandler channelRead\r\nINFO: Detected non-HTTP/2 connection.\r\n"}}
[debug] [2026-08-16T00:09:20.915Z] Aug 16, 2026 5:09:20 AM io.gapi.emulators.netty.HttpVersionRoutingHandler channelRead
INFO: Detected non-HTTP/2 connection.
 {"metadata":{"emulator":{"name":"firestore"},"message":"Aug 16, 2026 5:09:20 AM io.gapi.emulators.netty.HttpVersionRoutingHandler channelRead\r\nINFO: Detected non-HTTP/2 connection.\r\n"}}
[debug] [2026-08-16T00:09:23.765Z] Aug 16, 2026 5:09:23 AM io.gapi.emulators.netty.HttpVersionRoutingHandler channelRead
INFO: Detected non-HTTP/2 connection.
 {"metadata":{"emulator":{"name":"firestore"},"message":"Aug 16, 2026 5:09:23 AM io.gapi.emulators.netty.HttpVersionRoutingHandler channelRead\r\nINFO: Detected non-HTTP/2 connection.\r\n"}}
[debug] [2026-08-16T00:09:23.794Z] Aug 16, 2026 5:09:23 AM io.gapi.emulators.netty.HttpVersionRoutingHandler channelRead
INFO: Detected non-HTTP/2 connection.
 {"metadata":{"emulator":{"name":"firestore"},"message":"Aug 16, 2026 5:09:23 AM io.gapi.emulators.netty.HttpVersionRoutingHandler channelRead\r\nINFO: Detected non-HTTP/2 connection.\r\n"}}
[debug] [2026-08-16T00:09:23.795Z] Aug 16, 2026 5:09:23 AM io.gapi.emulators.netty.HttpVersionRoutingHandler channelRead
INFO: Detected non-HTTP/2 connection.
 {"metadata":{"emulator":{"name":"firestore"},"message":"Aug 16, 2026 5:09:23 AM io.gapi.emulators.netty.HttpVersionRoutingHandler channelRead\r\nINFO: Detected non-HTTP/2 connection.\r\n"}}
[debug] [2026-08-16T00:09:23.859Z] Aug 16, 2026 5:09:23 AM io.gapi.emulators.netty.HttpVersionRoutingHandler channelRead
INFO: Detected non-HTTP/2 connection.
 {"metadata":{"emulator":{"name":"firestore"},"message":"Aug 16, 2026 5:09:23 AM io.gapi.emulators.netty.HttpVersionRoutingHandler channelRead\r\nINFO: Detected non-HTTP/2 connection.\r\n"}}
[debug] [2026-08-16T00:09:25.221Z] Aug 16, 2026 5:09:25 AM io.gapi.emulators.netty.HttpVersionRoutingHandler channelRead
INFO: Detected non-HTTP/2 connection.
 {"metadata":{"emulator":{"name":"firestore"},"message":"Aug 16, 2026 5:09:25 AM io.gapi.emulators.netty.HttpVersionRoutingHandler channelRead\r\nINFO: Detected non-HTTP/2 connection.\r\n"}}
[debug] [2026-08-16T00:09:25.291Z] Aug 16, 2026 5:09:25 AM io.gapi.emulators.netty.HttpVersionRoutingHandler channelRead
INFO: Detected non-HTTP/2 connection.
 {"metadata":{"emulator":{"name":"firestore"},"message":"Aug 16, 2026 5:09:25 AM io.gapi.emulators.netty.HttpVersionRoutingHandler channelRead\r\nINFO: Detected non-HTTP/2 connection.\r\n"}}
[debug] [2026-08-16T00:09:26.366Z] Aug 16, 2026 5:09:26 AM io.gapi.emulators.netty.HttpVersionRoutingHandler channelRead
INFO: Detected non-HTTP/2 connection.
 {"metadata":{"emulator":{"name":"firestore"},"message":"Aug 16, 2026 5:09:26 AM io.gapi.emulators.netty.HttpVersionRoutingHandler channelRead\r\nINFO: Detected non-HTTP/2 connection.\r\n"}}
[debug] [2026-08-16T00:09:26.464Z] Aug 16, 2026 5:09:26 AM io.gapi.emulators.netty.HttpVersionRoutingHandler channelRead
INFO: Detected non-HTTP/2 connection.
 {"metadata":{"emulator":{"name":"firestore"},"message":"Aug 16, 2026 5:09:26 AM io.gapi.emulators.netty.HttpVersionRoutingHandler channelRead\r\nINFO: Detected non-HTTP/2 connection.\r\n"}}
[debug] [2026-08-16T00:09:27.842Z] Aug 16, 2026 5:09:27 AM io.gapi.emulators.netty.HttpVersionRoutingHandler channelRead
INFO: Detected non-HTTP/2 connection.
 {"metadata":{"emulator":{"name":"firestore"},"message":"Aug 16, 2026 5:09:27 AM io.gapi.emulators.netty.HttpVersionRoutingHandler channelRead\r\nINFO: Detected non-HTTP/2 connection.\r\n"}}
[debug] [2026-08-16T00:09:27.887Z] Aug 16, 2026 5:09:27 AM io.gapi.emulators.netty.HttpVersionRoutingHandler channelRead
INFO: Detected non-HTTP/2 connection.
 {"metadata":{"emulator":{"name":"firestore"},"message":"Aug 16, 2026 5:09:27 AM io.gapi.emulators.netty.HttpVersionRoutingHandler channelRead\r\nINFO: Detected non-HTTP/2 connection.\r\n"}}
[debug] [2026-08-16T00:10:28.003Z] Aug 16, 2026 5:10:28 AM io.gapi.emulators.netty.HttpVersionRoutingHandler channelRead
INFO: Detected non-HTTP/2 connection.
 {"metadata":{"emulator":{"name":"firestore"},"message":"Aug 16, 2026 5:10:28 AM io.gapi.emulators.netty.HttpVersionRoutingHandler channelRead\r\nINFO: Detected non-HTTP/2 connection.\r\n"}}
[debug] [2026-08-16T00:11:28.024Z] Aug 16, 2026 5:11:28 AM io.gapi.emulators.netty.HttpVersionRoutingHandler channelRead
INFO: Detected non-HTTP/2 connection.
 {"metadata":{"emulator":{"name":"firestore"},"message":"Aug 16, 2026 5:11:28 AM io.gapi.emulators.netty.HttpVersionRoutingHandler channelRead\r\nINFO: Detected non-HTTP/2 connection.\r\n"}}
[debug] [2026-08-16T00:12:28.075Z] Aug 16, 2026 5:12:28 AM io.gapi.emulators.netty.HttpVersionRoutingHandler channelRead
INFO: Detected non-HTTP/2 connection.
 {"metadata":{"emulator":{"name":"firestore"},"message":"Aug 16, 2026 5:12:28 AM io.gapi.emulators.netty.HttpVersionRoutingHandler channelRead\r\nINFO: Detected non-HTTP/2 connection.\r\n"}}
[debug] [2026-08-16T00:13:28.118Z] Aug 16, 2026 5:13:28 AM io.gapi.emulators.netty.HttpVersionRoutingHandler channelRead
INFO: Detected non-HTTP/2 connection.
 {"metadata":{"emulator":{"name":"firestore"},"message":"Aug 16, 2026 5:13:28 AM io.gapi.emulators.netty.HttpVersionRoutingHandler channelRead\r\nINFO: Detected non-HTTP/2 connection.\r\n"}}
[debug] [2026-08-16T00:14:28.170Z] Aug 16, 2026 5:14:28 AM io.gapi.emulators.netty.HttpVersionRoutingHandler channelRead
INFO: Detected non-HTTP/2 connection.
 {"metadata":{"emulator":{"name":"firestore"},"message":"Aug 16, 2026 5:14:28 AM io.gapi.emulators.netty.HttpVersionRoutingHandler channelRead\r\nINFO: Detected non-HTTP/2 connection.\r\n"}}
[debug] [2026-08-16T00:15:28.230Z] Aug 16, 2026 5:15:28 AM io.gapi.emulators.netty.HttpVersionRoutingHandler channelRead
INFO: Detected non-HTTP/2 connection.
 {"metadata":{"emulator":{"name":"firestore"},"message":"Aug 16, 2026 5:15:28 AM io.gapi.emulators.netty.HttpVersionRoutingHandler channelRead\r\nINFO: Detected non-HTTP/2 connection.\r\n"}}
[debug] [2026-08-16T00:16:28.286Z] Aug 16, 2026 5:16:28 AM io.gapi.emulators.netty.HttpVersionRoutingHandler channelRead
INFO: Detected non-HTTP/2 connection.
 {"metadata":{"emulator":{"name":"firestore"},"message":"Aug 16, 2026 5:16:28 AM io.gapi.emulators.netty.HttpVersionRoutingHandler channelRead\r\nINFO: Detected non-HTTP/2 connection.\r\n"}}
[debug] [2026-08-16T00:17:28.359Z] Aug 16, 2026 5:17:28 AM io.gapi.emulators.netty.HttpVersionRoutingHandler channelRead
INFO: Detected non-HTTP/2 connection.
 {"metadata":{"emulator":{"name":"firestore"},"message":"Aug 16, 2026 5:17:28 AM io.gapi.emulators.netty.HttpVersionRoutingHandler channelRead\r\nINFO: Detected non-HTTP/2 connection.\r\n"}}
[debug] [2026-08-16T00:18:28.438Z] Aug 16, 2026 5:18:28 AM io.gapi.emulators.netty.HttpVersionRoutingHandler channelRead
INFO: Detected non-HTTP/2 connection.
 {"metadata":{"emulator":{"name":"firestore"},"message":"Aug 16, 2026 5:18:28 AM io.gapi.emulators.netty.HttpVersionRoutingHandler channelRead\r\nINFO: Detected non-HTTP/2 connection.\r\n"}}
[debug] [2026-08-16T00:19:28.472Z] Aug 16, 2026 5:19:28 AM io.gapi.emulators.netty.HttpVersionRoutingHandler channelRead
INFO: Detected non-HTTP/2 connection.
 {"metadata":{"emulator":{"name":"firestore"},"message":"Aug 16, 2026 5:19:28 AM io.gapi.emulators.netty.HttpVersionRoutingHandler channelRead\r\nINFO: Detected non-HTTP/2 connection.\r\n"}}
[debug] [2026-08-16T00:20:28.497Z] Aug 16, 2026 5:20:28 AM io.gapi.emulators.netty.HttpVersionRoutingHandler channelRead
INFO: Detected non-HTTP/2 connection.
 {"metadata":{"emulator":{"name":"firestore"},"message":"Aug 16, 2026 5:20:28 AM io.gapi.emulators.netty.HttpVersionRoutingHandler channelRead\r\nINFO: Detected non-HTTP/2 connection.\r\n"}}
[debug] [2026-08-16T00:21:28.607Z] Aug 16, 2026 5:21:28 AM io.gapi.emulators.netty.HttpVersionRoutingHandler channelRead
INFO: Detected non-HTTP/2 connection.
 {"metadata":{"emulator":{"name":"firestore"},"message":"Aug 16, 2026 5:21:28 AM io.gapi.emulators.netty.HttpVersionRoutingHandler channelRead\r\nINFO: Detected non-HTTP/2 connection.\r\n"}}
[debug] [2026-08-16T00:22:28.672Z] Aug 16, 2026 5:22:28 AM io.gapi.emulators.netty.HttpVersionRoutingHandler channelRead
INFO: Detected non-HTTP/2 connection.
 {"metadata":{"emulator":{"name":"firestore"},"message":"Aug 16, 2026 5:22:28 AM io.gapi.emulators.netty.HttpVersionRoutingHandler channelRead\r\nINFO: Detected non-HTTP/2 connection.\r\n"}}
[debug] [2026-08-16T00:23:28.734Z] Aug 16, 2026 5:23:28 AM io.gapi.emulators.netty.HttpVersionRoutingHandler channelRead
INFO: Detected non-HTTP/2 connection.
 {"metadata":{"emulator":{"name":"firestore"},"message":"Aug 16, 2026 5:23:28 AM io.gapi.emulators.netty.HttpVersionRoutingHandler channelRead\r\nINFO: Detected non-HTTP/2 connection.\r\n"}}
[debug] [2026-08-16T00:24:28.771Z] Aug 16, 2026 5:24:28 AM io.gapi.emulators.netty.HttpVersionRoutingHandler channelRead
INFO: Detected non-HTTP/2 connection.
 {"metadata":{"emulator":{"name":"firestore"},"message":"Aug 16, 2026 5:24:28 AM io.gapi.emulators.netty.HttpVersionRoutingHandler channelRead\r\nINFO: Detected non-HTTP/2 connection.\r\n"}}
[debug] [2026-08-16T00:25:28.822Z] Aug 16, 2026 5:25:28 AM io.gapi.emulators.netty.HttpVersionRoutingHandler channelRead
INFO: Detected non-HTTP/2 connection.
 {"metadata":{"emulator":{"name":"firestore"},"message":"Aug 16, 2026 5:25:28 AM io.gapi.emulators.netty.HttpVersionRoutingHandler channelRead\r\nINFO: Detected non-HTTP/2 connection.\r\n"}}
[debug] [2026-08-16T00:26:28.862Z] Aug 16, 2026 5:26:28 AM io.gapi.emulators.netty.HttpVersionRoutingHandler channelRead
INFO: Detected non-HTTP/2 connection.
 {"metadata":{"emulator":{"name":"firestore"},"message":"Aug 16, 2026 5:26:28 AM io.gapi.emulators.netty.HttpVersionRoutingHandler channelRead\r\nINFO: Detected non-HTTP/2 connection.\r\n"}}
[debug] [2026-08-16T00:27:28.903Z] Aug 16, 2026 5:27:28 AM io.gapi.emulators.netty.HttpVersionRoutingHandler channelRead
INFO: Detected non-HTTP/2 connection.
 {"metadata":{"emulator":{"name":"firestore"},"message":"Aug 16, 2026 5:27:28 AM io.gapi.emulators.netty.HttpVersionRoutingHandler channelRead\r\nINFO: Detected non-HTTP/2 connection.\r\n"}}
[debug] [2026-08-16T00:28:28.934Z] Aug 16, 2026 5:28:28 AM io.gapi.emulators.netty.HttpVersionRoutingHandler channelRead
INFO: Detected non-HTTP/2 connection.
 {"metadata":{"emulator":{"name":"firestore"},"message":"Aug 16, 2026 5:28:28 AM io.gapi.emulators.netty.HttpVersionRoutingHandler channelRead\r\nINFO: Detected non-HTTP/2 connection.\r\n"}}
[debug] [2026-08-16T00:29:14.247Z] Aug 16, 2026 5:29:14 AM io.gapi.emulators.netty.HttpVersionRoutingHandler channelRead
INFO: Detected non-HTTP/2 connection.
 {"metadata":{"emulator":{"name":"firestore"},"message":"Aug 16, 2026 5:29:14 AM io.gapi.emulators.netty.HttpVersionRoutingHandler channelRead\r\nINFO: Detected non-HTTP/2 connection.\r\n"}}
[debug] [2026-08-16T00:30:14.283Z] Aug 16, 2026 5:30:14 AM io.gapi.emulators.netty.HttpVersionRoutingHandler channelRead
INFO: Detected non-HTTP/2 connection.
 {"metadata":{"emulator":{"name":"firestore"},"message":"Aug 16, 2026 5:30:14 AM io.gapi.emulators.netty.HttpVersionRoutingHandler channelRead\r\nINFO: Detected non-HTTP/2 connection.\r\n"}}
[debug] [2026-08-16T00:31:14.341Z] Aug 16, 2026 5:31:14 AM io.gapi.emulators.netty.HttpVersionRoutingHandler channelRead
INFO: Detected non-HTTP/2 connection.
 {"metadata":{"emulator":{"name":"firestore"},"message":"Aug 16, 2026 5:31:14 AM io.gapi.emulators.netty.HttpVersionRoutingHandler channelRead\r\nINFO: Detected non-HTTP/2 connection.\r\n"}}
[debug] [2026-08-16T00:32:14.394Z] Aug 16, 2026 5:32:14 AM io.gapi.emulators.netty.HttpVersionRoutingHandler channelRead
INFO: Detected non-HTTP/2 connection.
 {"metadata":{"emulator":{"name":"firestore"},"message":"Aug 16, 2026 5:32:14 AM io.gapi.emulators.netty.HttpVersionRoutingHandler channelRead\r\nINFO: Detected non-HTTP/2 connection.\r\n"}}
[debug] [2026-08-16T00:33:14.442Z] Aug 16, 2026 5:33:14 AM io.gapi.emulators.netty.HttpVersionRoutingHandler channelRead
INFO: Detected non-HTTP/2 connection.
 {"metadata":{"emulator":{"name":"firestore"},"message":"Aug 16, 2026 5:33:14 AM io.gapi.emulators.netty.HttpVersionRoutingHandler channelRead\r\nINFO: Detected non-HTTP/2 connection.\r\n"}}
[debug] [2026-08-16T00:34:00.226Z] Aug 16, 2026 5:34:00 AM io.gapi.emulators.netty.HttpVersionRoutingHandler channelRead
INFO: Detected non-HTTP/2 connection.
 {"metadata":{"emulator":{"name":"firestore"},"message":"Aug 16, 2026 5:34:00 AM io.gapi.emulators.netty.HttpVersionRoutingHandler channelRead\r\nINFO: Detected non-HTTP/2 connection.\r\n"}}
[debug] [2026-08-16T00:35:03.165Z] Aug 16, 2026 5:35:03 AM io.gapi.emulators.netty.HttpVersionRoutingHandler channelRead
INFO: Detected non-HTTP/2 connection.
 {"metadata":{"emulator":{"name":"firestore"},"message":"Aug 16, 2026 5:35:03 AM io.gapi.emulators.netty.HttpVersionRoutingHandler channelRead\r\nINFO: Detected non-HTTP/2 connection.\r\n"}}
[debug] [2026-08-16T00:36:03.209Z] Aug 16, 2026 5:36:03 AM io.gapi.emulators.netty.HttpVersionRoutingHandler channelRead
INFO: Detected non-HTTP/2 connection.
 {"metadata":{"emulator":{"name":"firestore"},"message":"Aug 16, 2026 5:36:03 AM io.gapi.emulators.netty.HttpVersionRoutingHandler channelRead\r\nINFO: Detected non-HTTP/2 connection.\r\n"}}
[debug] [2026-08-16T00:37:03.260Z] Aug 16, 2026 5:37:03 AM io.gapi.emulators.netty.HttpVersionRoutingHandler channelRead
INFO: Detected non-HTTP/2 connection.
 {"metadata":{"emulator":{"name":"firestore"},"message":"Aug 16, 2026 5:37:03 AM io.gapi.emulators.netty.HttpVersionRoutingHandler channelRead\r\nINFO: Detected non-HTTP/2 connection.\r\n"}}
[debug] [2026-08-16T00:37:49.221Z] Aug 16, 2026 5:37:49 AM io.gapi.emulators.netty.HttpVersionRoutingHandler channelRead
INFO: Detected non-HTTP/2 connection.
 {"metadata":{"emulator":{"name":"firestore"},"message":"Aug 16, 2026 5:37:49 AM io.gapi.emulators.netty.HttpVersionRoutingHandler channelRead\r\nINFO: Detected non-HTTP/2 connection.\r\n"}}
[debug] [2026-08-16T00:38:49.267Z] Aug 16, 2026 5:38:49 AM io.gapi.emulators.netty.HttpVersionRoutingHandler channelRead
INFO: Detected non-HTTP/2 connection.
 {"metadata":{"emulator":{"name":"firestore"},"message":"Aug 16, 2026 5:38:49 AM io.gapi.emulators.netty.HttpVersionRoutingHandler channelRead\r\nINFO: Detected non-HTTP/2 connection.\r\n"}}
[debug] [2026-08-16T00:38:54.952Z] Aug 16, 2026 5:38:54 AM io.gapi.emulators.netty.HttpVersionRoutingHandler channelRead
INFO: Detected non-HTTP/2 connection.
 {"metadata":{"emulator":{"name":"firestore"},"message":"Aug 16, 2026 5:38:54 AM io.gapi.emulators.netty.HttpVersionRoutingHandler channelRead\r\nINFO: Detected non-HTTP/2 connection.\r\n"}}
[debug] [2026-08-16T00:38:54.966Z] Aug 16, 2026 5:38:54 AM io.gapi.emulators.netty.HttpVersionRoutingHandler channelRead
INFO: Detected non-HTTP/2 connection.
 {"metadata":{"emulator":{"name":"firestore"},"message":"Aug 16, 2026 5:38:54 AM io.gapi.emulators.netty.HttpVersionRoutingHandler channelRead\r\nINFO: Detected non-HTTP/2 connection.\r\n"}}
[debug] [2026-08-16T00:38:55.350Z] Aug 16, 2026 5:38:55 AM io.gapi.emulators.netty.HttpVersionRoutingHandler channelRead
INFO: Detected non-HTTP/2 connection.
 {"metadata":{"emulator":{"name":"firestore"},"message":"Aug 16, 2026 5:38:55 AM io.gapi.emulators.netty.HttpVersionRoutingHandler channelRead\r\nINFO: Detected non-HTTP/2 connection.\r\n"}}
[debug] [2026-08-16T00:38:55.369Z] Aug 16, 2026 5:38:55 AM io.gapi.emulators.netty.HttpVersionRoutingHandler channelRead
INFO: Detected non-HTTP/2 connection.
 {"metadata":{"emulator":{"name":"firestore"},"message":"Aug 16, 2026 5:38:55 AM io.gapi.emulators.netty.HttpVersionRoutingHandler channelRead\r\nINFO: Detected non-HTTP/2 connection.\r\n"}}
[debug] [2026-08-16T00:38:55.397Z] Aug 16, 2026 5:38:55 AM io.gapi.emulators.netty.HttpVersionRoutingHandler channelRead
INFO: Detected non-HTTP/2 connection.
 {"metadata":{"emulator":{"name":"firestore"},"message":"Aug 16, 2026 5:38:55 AM io.gapi.emulators.netty.HttpVersionRoutingHandler channelRead\r\nINFO: Detected non-HTTP/2 connection.\r\n"}}
[debug] [2026-08-16T00:39:01.181Z] Aug 16, 2026 5:39:01 AM io.gapi.emulators.netty.HttpVersionRoutingHandler channelRead
INFO: Detected non-HTTP/2 connection.
 {"metadata":{"emulator":{"name":"firestore"},"message":"Aug 16, 2026 5:39:01 AM io.gapi.emulators.netty.HttpVersionRoutingHandler channelRead\r\nINFO: Detected non-HTTP/2 connection.\r\n"}}
[debug] [2026-08-16T00:39:01.287Z] Aug 16, 2026 5:39:01 AM io.gapi.emulators.netty.HttpVersionRoutingHandler channelRead
INFO: Detected non-HTTP/2 connection.
 {"metadata":{"emulator":{"name":"firestore"},"message":"Aug 16, 2026 5:39:01 AM io.gapi.emulators.netty.HttpVersionRoutingHandler channelRead\r\nINFO: Detected non-HTTP/2 connection.\r\n"}}
[debug] [2026-08-16T00:39:04.999Z] Aug 16, 2026 5:39:04 AM io.gapi.emulators.netty.HttpVersionRoutingHandler channelRead
INFO: Detected non-HTTP/2 connection.
 {"metadata":{"emulator":{"name":"firestore"},"message":"Aug 16, 2026 5:39:04 AM io.gapi.emulators.netty.HttpVersionRoutingHandler channelRead\r\nINFO: Detected non-HTTP/2 connection.\r\n"}}
[debug] [2026-08-16T00:39:05.041Z] Aug 16, 2026 5:39:05 AM io.gapi.emulators.netty.HttpVersionRoutingHandler channelRead
INFO: Detected non-HTTP/2 connection.
 {"metadata":{"emulator":{"name":"firestore"},"message":"Aug 16, 2026 5:39:05 AM io.gapi.emulators.netty.HttpVersionRoutingHandler channelRead\r\nINFO: Detected non-HTTP/2 connection.\r\n"}}
[debug] [2026-08-16T00:39:06.508Z] Aug 16, 2026 5:39:06 AM io.gapi.emulators.netty.HttpVersionRoutingHandler channelRead
INFO: Detected non-HTTP/2 connection.
 {"metadata":{"emulator":{"name":"firestore"},"message":"Aug 16, 2026 5:39:06 AM io.gapi.emulators.netty.HttpVersionRoutingHandler channelRead\r\nINFO: Detected non-HTTP/2 connection.\r\n"}}
[debug] [2026-08-16T00:39:06.524Z] Aug 16, 2026 5:39:06 AM io.gapi.emulators.netty.HttpVersionRoutingHandler channelRead
INFO: Detected non-HTTP/2 connection.
 {"metadata":{"emulator":{"name":"firestore"},"message":"Aug 16, 2026 5:39:06 AM io.gapi.emulators.netty.HttpVersionRoutingHandler channelRead\r\nINFO: Detected non-HTTP/2 connection.\r\n"}}
[debug] [2026-08-16T00:39:06.570Z] Aug 16, 2026 5:39:06 AM io.gapi.emulators.netty.HttpVersionRoutingHandler channelRead
INFO: Detected non-HTTP/2 connection.
 {"metadata":{"emulator":{"name":"firestore"},"message":"Aug 16, 2026 5:39:06 AM io.gapi.emulators.netty.HttpVersionRoutingHandler channelRead\r\nINFO: Detected non-HTTP/2 connection.\r\n"}}
[debug] [2026-08-16T00:50:23.864Z] Aug 16, 2026 5:50:23 AM io.gapi.emulators.netty.HttpVersionRoutingHandler channelRead
INFO: Detected non-HTTP/2 connection.
 {"metadata":{"emulator":{"name":"firestore"},"message":"Aug 16, 2026 5:50:23 AM io.gapi.emulators.netty.HttpVersionRoutingHandler channelRead\r\nINFO: Detected non-HTTP/2 connection.\r\n"}}
[debug] [2026-08-16T00:50:23.962Z] Aug 16, 2026 5:50:23 AM io.gapi.emulators.netty.HttpVersionRoutingHandler channelRead
INFO: Detected non-HTTP/2 connection.
 {"metadata":{"emulator":{"name":"firestore"},"message":"Aug 16, 2026 5:50:23 AM io.gapi.emulators.netty.HttpVersionRoutingHandler channelRead\r\nINFO: Detected non-HTTP/2 connection.\r\n"}}
[debug] [2026-08-16T00:50:24.006Z] Aug 16, 2026 5:50:24 AM io.gapi.emulators.netty.HttpVersionRoutingHandler channelRead
INFO: Detected non-HTTP/2 connection.
 {"metadata":{"emulator":{"name":"firestore"},"message":"Aug 16, 2026 5:50:24 AM io.gapi.emulators.netty.HttpVersionRoutingHandler channelRead\r\nINFO: Detected non-HTTP/2 connection.\r\n"}}
[debug] [2026-08-16T00:50:25.030Z] Aug 16, 2026 5:50:25 AM io.gapi.emulators.netty.HttpVersionRoutingHandler channelRead
INFO: Detected non-HTTP/2 connection.
 {"metadata":{"emulator":{"name":"firestore"},"message":"Aug 16, 2026 5:50:25 AM io.gapi.emulators.netty.HttpVersionRoutingHandler channelRead\r\nINFO: Detected non-HTTP/2 connection.\r\n"}}
[debug] [2026-08-16T00:50:25.161Z] Aug 16, 2026 5:50:25 AM io.gapi.emulators.netty.HttpVersionRoutingHandler channelRead
INFO: Detected non-HTTP/2 connection.
 {"metadata":{"emulator":{"name":"firestore"},"message":"Aug 16, 2026 5:50:25 AM io.gapi.emulators.netty.HttpVersionRoutingHandler channelRead\r\nINFO: Detected non-HTTP/2 connection.\r\n"}}
[debug] [2026-08-16T00:50:34.561Z] Aug 16, 2026 5:50:34 AM io.gapi.emulators.netty.HttpVersionRoutingHandler channelRead
INFO: Detected non-HTTP/2 connection.
 {"metadata":{"emulator":{"name":"firestore"},"message":"Aug 16, 2026 5:50:34 AM io.gapi.emulators.netty.HttpVersionRoutingHandler channelRead\r\nINFO: Detected non-HTTP/2 connection.\r\n"}}
[debug] [2026-08-16T00:50:34.645Z] Aug 16, 2026 5:50:34 AM io.gapi.emulators.netty.HttpVersionRoutingHandler channelRead
INFO: Detected non-HTTP/2 connection.
 {"metadata":{"emulator":{"name":"firestore"},"message":"Aug 16, 2026 5:50:34 AM io.gapi.emulators.netty.HttpVersionRoutingHandler channelRead\r\nINFO: Detected non-HTTP/2 connection.\r\n"}}
[debug] [2026-08-16T00:50:34.663Z] Aug 16, 2026 5:50:34 AM io.gapi.emulators.netty.HttpVersionRoutingHandler channelRead
INFO: Detected non-HTTP/2 connection.
 {"metadata":{"emulator":{"name":"firestore"},"message":"Aug 16, 2026 5:50:34 AM io.gapi.emulators.netty.HttpVersionRoutingHandler channelRead\r\nINFO: Detected non-HTTP/2 connection.\r\n"}}
[debug] [2026-08-16T00:50:34.695Z] Aug 16, 2026 5:50:34 AM io.gapi.emulators.netty.HttpVersionRoutingHandler channelRead
INFO: Detected non-HTTP/2 connection.
 {"metadata":{"emulator":{"name":"firestore"},"message":"Aug 16, 2026 5:50:34 AM io.gapi.emulators.netty.HttpVersionRoutingHandler channelRead\r\nINFO: Detected non-HTTP/2 connection.\r\n"}}
[debug] [2026-08-16T00:50:39.300Z] Aug 16, 2026 5:50:39 AM io.gapi.emulators.netty.HttpVersionRoutingHandler channelRead
INFO: Detected non-HTTP/2 connection.
 {"metadata":{"emulator":{"name":"firestore"},"message":"Aug 16, 2026 5:50:39 AM io.gapi.emulators.netty.HttpVersionRoutingHandler channelRead\r\nINFO: Detected non-HTTP/2 connection.\r\n"}}
[debug] [2026-08-16T00:50:39.331Z] Aug 16, 2026 5:50:39 AM io.gapi.emulators.netty.HttpVersionRoutingHandler channelRead
INFO: Detected non-HTTP/2 connection.
 {"metadata":{"emulator":{"name":"firestore"},"message":"Aug 16, 2026 5:50:39 AM io.gapi.emulators.netty.HttpVersionRoutingHandler channelRead\r\nINFO: Detected non-HTTP/2 connection.\r\n"}}
[debug] [2026-08-16T00:50:40.605Z] Aug 16, 2026 5:50:40 AM io.gapi.emulators.netty.HttpVersionRoutingHandler channelRead
INFO: Detected non-HTTP/2 connection.
 {"metadata":{"emulator":{"name":"firestore"},"message":"Aug 16, 2026 5:50:40 AM io.gapi.emulators.netty.HttpVersionRoutingHandler channelRead\r\nINFO: Detected non-HTTP/2 connection.\r\n"}}
[debug] [2026-08-16T00:50:40.634Z] Aug 16, 2026 5:50:40 AM io.gapi.emulators.netty.HttpVersionRoutingHandler channelRead
INFO: Detected non-HTTP/2 connection.
 {"metadata":{"emulator":{"name":"firestore"},"message":"Aug 16, 2026 5:50:40 AM io.gapi.emulators.netty.HttpVersionRoutingHandler channelRead\r\nINFO: Detected non-HTTP/2 connection.\r\n"}}
[debug] [2026-08-16T00:50:40.702Z] Aug 16, 2026 5:50:40 AM io.gapi.emulators.netty.HttpVersionRoutingHandler channelRead
INFO: Detected non-HTTP/2 connection.
 {"metadata":{"emulator":{"name":"firestore"},"message":"Aug 16, 2026 5:50:40 AM io.gapi.emulators.netty.HttpVersionRoutingHandler channelRead\r\nINFO: Detected non-HTTP/2 connection.\r\n"}}
[debug] [2026-08-16T00:50:47.245Z] Aug 16, 2026 5:50:47 AM io.gapi.emulators.netty.HttpVersionRoutingHandler channelRead
INFO: Detected non-HTTP/2 connection.
 {"metadata":{"emulator":{"name":"firestore"},"message":"Aug 16, 2026 5:50:47 AM io.gapi.emulators.netty.HttpVersionRoutingHandler channelRead\r\nINFO: Detected non-HTTP/2 connection.\r\n"}}
[debug] [2026-08-16T00:50:47.310Z] Aug 16, 2026 5:50:47 AM io.gapi.emulators.netty.HttpVersionRoutingHandler channelRead
INFO: Detected non-HTTP/2 connection.
 {"metadata":{"emulator":{"name":"firestore"},"message":"Aug 16, 2026 5:50:47 AM io.gapi.emulators.netty.HttpVersionRoutingHandler channelRead\r\nINFO: Detected non-HTTP/2 connection.\r\n"}}
[debug] [2026-08-16T00:50:47.330Z] Aug 16, 2026 5:50:47 AM io.gapi.emulators.netty.HttpVersionRoutingHandler channelRead
INFO: Detected non-HTTP/2 connection.
 {"metadata":{"emulator":{"name":"firestore"},"message":"Aug 16, 2026 5:50:47 AM io.gapi.emulators.netty.HttpVersionRoutingHandler channelRead\r\nINFO: Detected non-HTTP/2 connection.\r\n"}}
[debug] [2026-08-16T00:50:47.356Z] Aug 16, 2026 5:50:47 AM io.gapi.emulators.netty.HttpVersionRoutingHandler channelRead
INFO: Detected non-HTTP/2 connection.
 {"metadata":{"emulator":{"name":"firestore"},"message":"Aug 16, 2026 5:50:47 AM io.gapi.emulators.netty.HttpVersionRoutingHandler channelRead\r\nINFO: Detected non-HTTP/2 connection.\r\n"}}
[debug] [2026-08-16T00:50:47.422Z] Aug 16, 2026 5:50:47 AM io.gapi.emulators.netty.HttpVersionRoutingHandler channelRead
INFO: Detected non-HTTP/2 connection.
 {"metadata":{"emulator":{"name":"firestore"},"message":"Aug 16, 2026 5:50:47 AM io.gapi.emulators.netty.HttpVersionRoutingHandler channelRead\r\nINFO: Detected non-HTTP/2 connection.\r\n"}}
[debug] [2026-08-16T00:51:07.202Z] Aug 16, 2026 5:51:07 AM io.gapi.emulators.netty.HttpVersionRoutingHandler channelRead
INFO: Detected non-HTTP/2 connection.
 {"metadata":{"emulator":{"name":"firestore"},"message":"Aug 16, 2026 5:51:07 AM io.gapi.emulators.netty.HttpVersionRoutingHandler channelRead\r\nINFO: Detected non-HTTP/2 connection.\r\n"}}
[debug] [2026-08-16T00:51:07.278Z] Aug 16, 2026 5:51:07 AM io.gapi.emulators.netty.HttpVersionRoutingHandler channelRead
INFO: Detected non-HTTP/2 connection.
 {"metadata":{"emulator":{"name":"firestore"},"message":"Aug 16, 2026 5:51:07 AM io.gapi.emulators.netty.HttpVersionRoutingHandler channelRead\r\nINFO: Detected non-HTTP/2 connection.\r\n"}}
[debug] [2026-08-16T00:51:07.297Z] Aug 16, 2026 5:51:07 AM io.gapi.emulators.netty.HttpVersionRoutingHandler channelRead
INFO: Detected non-HTTP/2 connection.
 {"metadata":{"emulator":{"name":"firestore"},"message":"Aug 16, 2026 5:51:07 AM io.gapi.emulators.netty.HttpVersionRoutingHandler channelRead\r\nINFO: Detected non-HTTP/2 connection.\r\n"}}
[debug] [2026-08-16T00:51:07.781Z] Aug 16, 2026 5:51:07 AM io.gapi.emulators.netty.HttpVersionRoutingHandler channelRead
INFO: Detected non-HTTP/2 connection.
 {"metadata":{"emulator":{"name":"firestore"},"message":"Aug 16, 2026 5:51:07 AM io.gapi.emulators.netty.HttpVersionRoutingHandler channelRead\r\nINFO: Detected non-HTTP/2 connection.\r\n"}}
[debug] [2026-08-16T00:51:07.898Z] Aug 16, 2026 5:51:07 AM io.gapi.emulators.netty.HttpVersionRoutingHandler channelRead
INFO: Detected non-HTTP/2 connection.
 {"metadata":{"emulator":{"name":"firestore"},"message":"Aug 16, 2026 5:51:07 AM io.gapi.emulators.netty.HttpVersionRoutingHandler channelRead\r\nINFO: Detected non-HTTP/2 connection.\r\n"}}
[debug] [2026-08-16T00:51:17.962Z] Aug 16, 2026 5:51:17 AM io.gapi.emulators.netty.HttpVersionRoutingHandler channelRead
INFO: Detected non-HTTP/2 connection.
 {"metadata":{"emulator":{"name":"firestore"},"message":"Aug 16, 2026 5:51:17 AM io.gapi.emulators.netty.HttpVersionRoutingHandler channelRead\r\nINFO: Detected non-HTTP/2 connection.\r\n"}}
[debug] [2026-08-16T00:51:18.008Z] Aug 16, 2026 5:51:17 AM io.gapi.emulators.netty.HttpVersionRoutingHandler channelRead
INFO: Detected non-HTTP/2 connection.
 {"metadata":{"emulator":{"name":"firestore"},"message":"Aug 16, 2026 5:51:17 AM io.gapi.emulators.netty.HttpVersionRoutingHandler channelRead\r\nINFO: Detected non-HTTP/2 connection.\r\n"}}
[debug] [2026-08-16T00:51:18.030Z] Aug 16, 2026 5:51:18 AM io.gapi.emulators.netty.HttpVersionRoutingHandler channelRead
INFO: Detected non-HTTP/2 connection.
 {"metadata":{"emulator":{"name":"firestore"},"message":"Aug 16, 2026 5:51:18 AM io.gapi.emulators.netty.HttpVersionRoutingHandler channelRead\r\nINFO: Detected non-HTTP/2 connection.\r\n"}}
[debug] [2026-08-16T00:51:18.358Z] Aug 16, 2026 5:51:18 AM io.gapi.emulators.netty.HttpVersionRoutingHandler channelRead
INFO: Detected non-HTTP/2 connection.
 {"metadata":{"emulator":{"name":"firestore"},"message":"Aug 16, 2026 5:51:18 AM io.gapi.emulators.netty.HttpVersionRoutingHandler channelRead\r\nINFO: Detected non-HTTP/2 connection.\r\n"}}
[debug] [2026-08-16T00:51:18.460Z] Aug 16, 2026 5:51:18 AM io.gapi.emulators.netty.HttpVersionRoutingHandler channelRead
INFO: Detected non-HTTP/2 connection.
 {"metadata":{"emulator":{"name":"firestore"},"message":"Aug 16, 2026 5:51:18 AM io.gapi.emulators.netty.HttpVersionRoutingHandler channelRead\r\nINFO: Detected non-HTTP/2 connection.\r\n"}}
[debug] [2026-08-16T00:52:18.516Z] Aug 16, 2026 5:52:18 AM io.gapi.emulators.netty.HttpVersionRoutingHandler channelRead
INFO: Detected non-HTTP/2 connection.
 {"metadata":{"emulator":{"name":"firestore"},"message":"Aug 16, 2026 5:52:18 AM io.gapi.emulators.netty.HttpVersionRoutingHandler channelRead\r\nINFO: Detected non-HTTP/2 connection.\r\n"}}
[debug] [2026-08-16T00:52:27.467Z] Aug 16, 2026 5:52:27 AM io.gapi.emulators.netty.HttpVersionRoutingHandler channelRead
INFO: Detected non-HTTP/2 connection.
 {"metadata":{"emulator":{"name":"firestore"},"message":"Aug 16, 2026 5:52:27 AM io.gapi.emulators.netty.HttpVersionRoutingHandler channelRead\r\nINFO: Detected non-HTTP/2 connection.\r\n"}}
[debug] [2026-08-16T00:52:27.506Z] Aug 16, 2026 5:52:27 AM io.gapi.emulators.netty.HttpVersionRoutingHandler channelRead
INFO: Detected non-HTTP/2 connection.
 {"metadata":{"emulator":{"name":"firestore"},"message":"Aug 16, 2026 5:52:27 AM io.gapi.emulators.netty.HttpVersionRoutingHandler channelRead\r\nINFO: Detected non-HTTP/2 connection.\r\n"}}
[debug] [2026-08-16T00:52:27.524Z] Aug 16, 2026 5:52:27 AM io.gapi.emulators.netty.HttpVersionRoutingHandler channelRead
INFO: Detected non-HTTP/2 connection.
 {"metadata":{"emulator":{"name":"firestore"},"message":"Aug 16, 2026 5:52:27 AM io.gapi.emulators.netty.HttpVersionRoutingHandler channelRead\r\nINFO: Detected non-HTTP/2 connection.\r\n"}}
[debug] [2026-08-16T00:52:53.159Z] Aug 16, 2026 5:52:53 AM io.gapi.emulators.netty.HttpVersionRoutingHandler channelRead
INFO: Detected non-HTTP/2 connection.
 {"metadata":{"emulator":{"name":"firestore"},"message":"Aug 16, 2026 5:52:53 AM io.gapi.emulators.netty.HttpVersionRoutingHandler channelRead\r\nINFO: Detected non-HTTP/2 connection.\r\n"}}
[debug] [2026-08-16T00:52:53.209Z] Aug 16, 2026 5:52:53 AM io.gapi.emulators.netty.HttpVersionRoutingHandler channelRead
INFO: Detected non-HTTP/2 connection.
 {"metadata":{"emulator":{"name":"firestore"},"message":"Aug 16, 2026 5:52:53 AM io.gapi.emulators.netty.HttpVersionRoutingHandler channelRead\r\nINFO: Detected non-HTTP/2 connection.\r\n"}}
[debug] [2026-08-16T00:52:56.829Z] Aug 16, 2026 5:52:56 AM io.gapi.emulators.netty.HttpVersionRoutingHandler channelRead
INFO: Detected non-HTTP/2 connection.
 {"metadata":{"emulator":{"name":"firestore"},"message":"Aug 16, 2026 5:52:56 AM io.gapi.emulators.netty.HttpVersionRoutingHandler channelRead\r\nINFO: Detected non-HTTP/2 connection.\r\n"}}
[debug] [2026-08-16T00:52:57.214Z] Aug 16, 2026 5:52:57 AM io.gapi.emulators.netty.HttpVersionRoutingHandler channelRead
INFO: Detected non-HTTP/2 connection.
 {"metadata":{"emulator":{"name":"firestore"},"message":"Aug 16, 2026 5:52:57 AM io.gapi.emulators.netty.HttpVersionRoutingHandler channelRead\r\nINFO: Detected non-HTTP/2 connection.\r\n"}}
[debug] [2026-08-16T00:52:57.318Z] Aug 16, 2026 5:52:57 AM io.gapi.emulators.netty.HttpVersionRoutingHandler channelRead
INFO: Detected non-HTTP/2 connection.
 {"metadata":{"emulator":{"name":"firestore"},"message":"Aug 16, 2026 5:52:57 AM io.gapi.emulators.netty.HttpVersionRoutingHandler channelRead\r\nINFO: Detected non-HTTP/2 connection.\r\n"}}
[debug] [2026-08-16T00:53:04.165Z] Aug 16, 2026 5:53:04 AM io.gapi.emulators.netty.HttpVersionRoutingHandler channelRead
INFO: Detected non-HTTP/2 connection.
 {"metadata":{"emulator":{"name":"firestore"},"message":"Aug 16, 2026 5:53:04 AM io.gapi.emulators.netty.HttpVersionRoutingHandler channelRead\r\nINFO: Detected non-HTTP/2 connection.\r\n"}}
[debug] [2026-08-16T00:53:10.227Z] Aug 16, 2026 5:53:10 AM io.gapi.emulators.netty.HttpVersionRoutingHandler channelRead
INFO: Detected non-HTTP/2 connection.
 {"metadata":{"emulator":{"name":"firestore"},"message":"Aug 16, 2026 5:53:10 AM io.gapi.emulators.netty.HttpVersionRoutingHandler channelRead\r\nINFO: Detected non-HTTP/2 connection.\r\n"}}
[debug] [2026-08-16T00:53:10.264Z] Aug 16, 2026 5:53:10 AM io.gapi.emulators.netty.HttpVersionRoutingHandler channelRead
INFO: Detected non-HTTP/2 connection.
 {"metadata":{"emulator":{"name":"firestore"},"message":"Aug 16, 2026 5:53:10 AM io.gapi.emulators.netty.HttpVersionRoutingHandler channelRead\r\nINFO: Detected non-HTTP/2 connection.\r\n"}}
[debug] [2026-08-16T00:53:10.278Z] Aug 16, 2026 5:53:10 AM io.gapi.emulators.netty.HttpVersionRoutingHandler channelRead
INFO: Detected non-HTTP/2 connection.
 {"metadata":{"emulator":{"name":"firestore"},"message":"Aug 16, 2026 5:53:10 AM io.gapi.emulators.netty.HttpVersionRoutingHandler channelRead\r\nINFO: Detected non-HTTP/2 connection.\r\n"}}
[debug] [2026-08-16T00:54:04.185Z] Aug 16, 2026 5:54:04 AM io.gapi.emulators.netty.HttpVersionRoutingHandler channelRead
INFO: Detected non-HTTP/2 connection.
 {"metadata":{"emulator":{"name":"firestore"},"message":"Aug 16, 2026 5:54:04 AM io.gapi.emulators.netty.HttpVersionRoutingHandler channelRead\r\nINFO: Detected non-HTTP/2 connection.\r\n"}}
[debug] [2026-08-16T00:54:10.294Z] Aug 16, 2026 5:54:10 AM io.gapi.emulators.netty.HttpVersionRoutingHandler channelRead
INFO: Detected non-HTTP/2 connection.
 {"metadata":{"emulator":{"name":"firestore"},"message":"Aug 16, 2026 5:54:10 AM io.gapi.emulators.netty.HttpVersionRoutingHandler channelRead\r\nINFO: Detected non-HTTP/2 connection.\r\n"}}
[debug] [2026-08-16T00:54:57.137Z] Aug 16, 2026 5:54:57 AM io.gapi.emulators.netty.HttpVersionRoutingHandler channelRead
INFO: Detected non-HTTP/2 connection.
 {"metadata":{"emulator":{"name":"firestore"},"message":"Aug 16, 2026 5:54:57 AM io.gapi.emulators.netty.HttpVersionRoutingHandler channelRead\r\nINFO: Detected non-HTTP/2 connection.\r\n"}}
[debug] [2026-08-16T00:54:57.183Z] Aug 16, 2026 5:54:57 AM io.gapi.emulators.netty.HttpVersionRoutingHandler channelRead
INFO: Detected non-HTTP/2 connection.
 {"metadata":{"emulator":{"name":"firestore"},"message":"Aug 16, 2026 5:54:57 AM io.gapi.emulators.netty.HttpVersionRoutingHandler channelRead\r\nINFO: Detected non-HTTP/2 connection.\r\n"}}
[debug] [2026-08-16T00:55:01.948Z] Aug 16, 2026 5:55:01 AM io.gapi.emulators.netty.HttpVersionRoutingHandler channelRead
INFO: Detected non-HTTP/2 connection.
 {"metadata":{"emulator":{"name":"firestore"},"message":"Aug 16, 2026 5:55:01 AM io.gapi.emulators.netty.HttpVersionRoutingHandler channelRead\r\nINFO: Detected non-HTTP/2 connection.\r\n"}}
[debug] [2026-08-16T00:55:01.972Z] Aug 16, 2026 5:55:01 AM io.gapi.emulators.netty.HttpVersionRoutingHandler channelRead
INFO: Detected non-HTTP/2 connection.
 {"metadata":{"emulator":{"name":"firestore"},"message":"Aug 16, 2026 5:55:01 AM io.gapi.emulators.netty.HttpVersionRoutingHandler channelRead\r\nINFO: Detected non-HTTP/2 connection.\r\n"}}
[debug] [2026-08-16T00:55:01.984Z] Aug 16, 2026 5:55:01 AM io.gapi.emulators.netty.HttpVersionRoutingHandler channelRead
INFO: Detected non-HTTP/2 connection.
 {"metadata":{"emulator":{"name":"firestore"},"message":"Aug 16, 2026 5:55:01 AM io.gapi.emulators.netty.HttpVersionRoutingHandler channelRead\r\nINFO: Detected non-HTTP/2 connection.\r\n"}}
[debug] [2026-08-16T00:55:02.273Z] Aug 16, 2026 5:55:02 AM io.gapi.emulators.netty.HttpVersionRoutingHandler channelRead
INFO: Detected non-HTTP/2 connection.
 {"metadata":{"emulator":{"name":"firestore"},"message":"Aug 16, 2026 5:55:02 AM io.gapi.emulators.netty.HttpVersionRoutingHandler channelRead\r\nINFO: Detected non-HTTP/2 connection.\r\n"}}
[debug] [2026-08-16T00:55:02.399Z] Aug 16, 2026 5:55:02 AM io.gapi.emulators.netty.HttpVersionRoutingHandler channelRead
INFO: Detected non-HTTP/2 connection.
 {"metadata":{"emulator":{"name":"firestore"},"message":"Aug 16, 2026 5:55:02 AM io.gapi.emulators.netty.HttpVersionRoutingHandler channelRead\r\nINFO: Detected non-HTTP/2 connection.\r\n"}}
[debug] [2026-08-16T00:55:04.242Z] Aug 16, 2026 5:55:04 AM io.gapi.emulators.netty.HttpVersionRoutingHandler channelRead
INFO: Detected non-HTTP/2 connection.
 {"metadata":{"emulator":{"name":"firestore"},"message":"Aug 16, 2026 5:55:04 AM io.gapi.emulators.netty.HttpVersionRoutingHandler channelRead\r\nINFO: Detected non-HTTP/2 connection.\r\n"}}
[debug] [2026-08-16T00:55:48.148Z] Aug 16, 2026 5:55:48 AM io.gapi.emulators.netty.HttpVersionRoutingHandler channelRead
INFO: Detected non-HTTP/2 connection.
 {"metadata":{"emulator":{"name":"firestore"},"message":"Aug 16, 2026 5:55:48 AM io.gapi.emulators.netty.HttpVersionRoutingHandler channelRead\r\nINFO: Detected non-HTTP/2 connection.\r\n"}}
[debug] [2026-08-16T00:56:04.264Z] Aug 16, 2026 5:56:04 AM io.gapi.emulators.netty.HttpVersionRoutingHandler channelRead
INFO: Detected non-HTTP/2 connection.
 {"metadata":{"emulator":{"name":"firestore"},"message":"Aug 16, 2026 5:56:04 AM io.gapi.emulators.netty.HttpVersionRoutingHandler channelRead\r\nINFO: Detected non-HTTP/2 connection.\r\n"}}
[debug] [2026-08-16T00:56:48.172Z] Aug 16, 2026 5:56:48 AM io.gapi.emulators.netty.HttpVersionRoutingHandler channelRead
INFO: Detected non-HTTP/2 connection.
 {"metadata":{"emulator":{"name":"firestore"},"message":"Aug 16, 2026 5:56:48 AM io.gapi.emulators.netty.HttpVersionRoutingHandler channelRead\r\nINFO: Detected non-HTTP/2 connection.\r\n"}}
[debug] [2026-08-16T00:57:04.298Z] Aug 16, 2026 5:57:04 AM io.gapi.emulators.netty.HttpVersionRoutingHandler channelRead
INFO: Detected non-HTTP/2 connection.
 {"metadata":{"emulator":{"name":"firestore"},"message":"Aug 16, 2026 5:57:04 AM io.gapi.emulators.netty.HttpVersionRoutingHandler channelRead\r\nINFO: Detected non-HTTP/2 connection.\r\n"}}
[debug] [2026-08-16T00:57:48.324Z] Aug 16, 2026 5:57:48 AM io.gapi.emulators.netty.HttpVersionRoutingHandler channelRead
INFO: Detected non-HTTP/2 connection.
 {"metadata":{"emulator":{"name":"firestore"},"message":"Aug 16, 2026 5:57:48 AM io.gapi.emulators.netty.HttpVersionRoutingHandler channelRead\r\nINFO: Detected non-HTTP/2 connection.\r\n"}}
[debug] [2026-08-16T00:57:50.104Z] Aug 16, 2026 5:57:50 AM io.gapi.emulators.netty.HttpVersionRoutingHandler channelRead
INFO: Detected non-HTTP/2 connection.
 {"metadata":{"emulator":{"name":"firestore"},"message":"Aug 16, 2026 5:57:50 AM io.gapi.emulators.netty.HttpVersionRoutingHandler channelRead\r\nINFO: Detected non-HTTP/2 connection.\r\n"}}
[debug] [2026-08-16T00:58:08.362Z] Aug 16, 2026 5:58:08 AM io.gapi.emulators.netty.HttpVersionRoutingHandler channelRead
INFO: Detected non-HTTP/2 connection.
 {"metadata":{"emulator":{"name":"firestore"},"message":"Aug 16, 2026 5:58:08 AM io.gapi.emulators.netty.HttpVersionRoutingHandler channelRead\r\nINFO: Detected non-HTTP/2 connection.\r\n"}}
[debug] [2026-08-16T00:58:08.407Z] Aug 16, 2026 5:58:08 AM io.gapi.emulators.netty.HttpVersionRoutingHandler channelRead
INFO: Detected non-HTTP/2 connection.
 {"metadata":{"emulator":{"name":"firestore"},"message":"Aug 16, 2026 5:58:08 AM io.gapi.emulators.netty.HttpVersionRoutingHandler channelRead\r\nINFO: Detected non-HTTP/2 connection.\r\n"}}
[debug] [2026-08-16T00:58:08.421Z] Aug 16, 2026 5:58:08 AM io.gapi.emulators.netty.HttpVersionRoutingHandler channelRead
INFO: Detected non-HTTP/2 connection.
 {"metadata":{"emulator":{"name":"firestore"},"message":"Aug 16, 2026 5:58:08 AM io.gapi.emulators.netty.HttpVersionRoutingHandler channelRead\r\nINFO: Detected non-HTTP/2 connection.\r\n"}}
[debug] [2026-08-16T00:58:52.068Z] Aug 16, 2026 5:58:52 AM io.gapi.emulators.netty.HttpVersionRoutingHandler channelRead
INFO: Detected non-HTTP/2 connection.
 {"metadata":{"emulator":{"name":"firestore"},"message":"Aug 16, 2026 5:58:52 AM io.gapi.emulators.netty.HttpVersionRoutingHandler channelRead\r\nINFO: Detected non-HTTP/2 connection.\r\n"}}
[debug] [2026-08-16T00:59:05.781Z] Aug 16, 2026 5:59:05 AM io.gapi.emulators.netty.HttpVersionRoutingHandler channelRead
INFO: Detected non-HTTP/2 connection.
 {"metadata":{"emulator":{"name":"firestore"},"message":"Aug 16, 2026 5:59:05 AM io.gapi.emulators.netty.HttpVersionRoutingHandler channelRead\r\nINFO: Detected non-HTTP/2 connection.\r\n"}}
[debug] [2026-08-16T00:59:05.836Z] Aug 16, 2026 5:59:05 AM io.gapi.emulators.netty.HttpVersionRoutingHandler channelRead
INFO: Detected non-HTTP/2 connection.
 {"metadata":{"emulator":{"name":"firestore"},"message":"Aug 16, 2026 5:59:05 AM io.gapi.emulators.netty.HttpVersionRoutingHandler channelRead\r\nINFO: Detected non-HTTP/2 connection.\r\n"}}
[debug] [2026-08-16T00:59:05.851Z] Aug 16, 2026 5:59:05 AM io.gapi.emulators.netty.HttpVersionRoutingHandler channelRead
INFO: Detected non-HTTP/2 connection.
 {"metadata":{"emulator":{"name":"firestore"},"message":"Aug 16, 2026 5:59:05 AM io.gapi.emulators.netty.HttpVersionRoutingHandler channelRead\r\nINFO: Detected non-HTTP/2 connection.\r\n"}}
[debug] [2026-08-16T00:59:09.472Z] Aug 16, 2026 5:59:09 AM io.gapi.emulators.netty.HttpVersionRoutingHandler channelRead
INFO: Detected non-HTTP/2 connection.
 {"metadata":{"emulator":{"name":"firestore"},"message":"Aug 16, 2026 5:59:09 AM io.gapi.emulators.netty.HttpVersionRoutingHandler channelRead\r\nINFO: Detected non-HTTP/2 connection.\r\n"}}
[debug] [2026-08-16T00:59:09.510Z] Aug 16, 2026 5:59:09 AM io.gapi.emulators.netty.HttpVersionRoutingHandler channelRead
INFO: Detected non-HTTP/2 connection.
 {"metadata":{"emulator":{"name":"firestore"},"message":"Aug 16, 2026 5:59:09 AM io.gapi.emulators.netty.HttpVersionRoutingHandler channelRead\r\nINFO: Detected non-HTTP/2 connection.\r\n"}}
[debug] [2026-08-16T00:59:09.527Z] Aug 16, 2026 5:59:09 AM io.gapi.emulators.netty.HttpVersionRoutingHandler channelRead
INFO: Detected non-HTTP/2 connection.
 {"metadata":{"emulator":{"name":"firestore"},"message":"Aug 16, 2026 5:59:09 AM io.gapi.emulators.netty.HttpVersionRoutingHandler channelRead\r\nINFO: Detected non-HTTP/2 connection.\r\n"}}
[debug] [2026-08-16T00:59:10.524Z] Aug 16, 2026 5:59:10 AM io.gapi.emulators.netty.HttpVersionRoutingHandler channelRead
INFO: Detected non-HTTP/2 connection.
 {"metadata":{"emulator":{"name":"firestore"},"message":"Aug 16, 2026 5:59:10 AM io.gapi.emulators.netty.HttpVersionRoutingHandler channelRead\r\nINFO: Detected non-HTTP/2 connection.\r\n"}}
[debug] [2026-08-16T00:59:10.651Z] Aug 16, 2026 5:59:10 AM io.gapi.emulators.netty.HttpVersionRoutingHandler channelRead
INFO: Detected non-HTTP/2 connection.
 {"metadata":{"emulator":{"name":"firestore"},"message":"Aug 16, 2026 5:59:10 AM io.gapi.emulators.netty.HttpVersionRoutingHandler channelRead\r\nINFO: Detected non-HTTP/2 connection.\r\n"}}
[debug] [2026-08-16T01:00:08.092Z] Aug 16, 2026 6:00:08 AM io.gapi.emulators.netty.HttpVersionRoutingHandler channelRead
INFO: Detected non-HTTP/2 connection.
 {"metadata":{"emulator":{"name":"firestore"},"message":"Aug 16, 2026 6:00:08 AM io.gapi.emulators.netty.HttpVersionRoutingHandler channelRead\r\nINFO: Detected non-HTTP/2 connection.\r\n"}}
[debug] [2026-08-16T01:00:10.813Z] Aug 16, 2026 6:00:10 AM io.gapi.emulators.netty.HttpVersionRoutingHandler channelRead
INFO: Detected non-HTTP/2 connection.
 {"metadata":{"emulator":{"name":"firestore"},"message":"Aug 16, 2026 6:00:10 AM io.gapi.emulators.netty.HttpVersionRoutingHandler channelRead\r\nINFO: Detected non-HTTP/2 connection.\r\n"}}
[debug] [2026-08-16T01:01:08.117Z] Aug 16, 2026 6:01:08 AM io.gapi.emulators.netty.HttpVersionRoutingHandler channelRead
INFO: Detected non-HTTP/2 connection.
 {"metadata":{"emulator":{"name":"firestore"},"message":"Aug 16, 2026 6:01:08 AM io.gapi.emulators.netty.HttpVersionRoutingHandler channelRead\r\nINFO: Detected non-HTTP/2 connection.\r\n"}}
[debug] [2026-08-16T01:01:26.088Z] Aug 16, 2026 6:01:26 AM io.gapi.emulators.netty.HttpVersionRoutingHandler channelRead
INFO: Detected non-HTTP/2 connection.
 {"metadata":{"emulator":{"name":"firestore"},"message":"Aug 16, 2026 6:01:26 AM io.gapi.emulators.netty.HttpVersionRoutingHandler channelRead\r\nINFO: Detected non-HTTP/2 connection.\r\n"}}
[debug] [2026-08-16T01:02:24.081Z] Aug 16, 2026 6:02:24 AM io.gapi.emulators.netty.HttpVersionRoutingHandler channelRead
INFO: Detected non-HTTP/2 connection.
 {"metadata":{"emulator":{"name":"firestore"},"message":"Aug 16, 2026 6:02:24 AM io.gapi.emulators.netty.HttpVersionRoutingHandler channelRead\r\nINFO: Detected non-HTTP/2 connection.\r\n"}}
[debug] [2026-08-16T01:02:26.124Z] Aug 16, 2026 6:02:26 AM io.gapi.emulators.netty.HttpVersionRoutingHandler channelRead
INFO: Detected non-HTTP/2 connection.
 {"metadata":{"emulator":{"name":"firestore"},"message":"Aug 16, 2026 6:02:26 AM io.gapi.emulators.netty.HttpVersionRoutingHandler channelRead\r\nINFO: Detected non-HTTP/2 connection.\r\n"}}
[debug] [2026-08-16T01:02:59.865Z] Aug 16, 2026 6:02:59 AM io.gapi.emulators.netty.HttpVersionRoutingHandler channelRead
INFO: Detected non-HTTP/2 connection.
 {"metadata":{"emulator":{"name":"firestore"},"message":"Aug 16, 2026 6:02:59 AM io.gapi.emulators.netty.HttpVersionRoutingHandler channelRead\r\nINFO: Detected non-HTTP/2 connection.\r\n"}}
[debug] [2026-08-16T01:02:59.911Z] Aug 16, 2026 6:02:59 AM io.gapi.emulators.netty.HttpVersionRoutingHandler channelRead
INFO: Detected non-HTTP/2 connection.
 {"metadata":{"emulator":{"name":"firestore"},"message":"Aug 16, 2026 6:02:59 AM io.gapi.emulators.netty.HttpVersionRoutingHandler channelRead\r\nINFO: Detected non-HTTP/2 connection.\r\n"}}
[debug] [2026-08-16T01:02:59.936Z] Aug 16, 2026 6:02:59 AM io.gapi.emulators.netty.HttpVersionRoutingHandler channelRead
INFO: Detected non-HTTP/2 connection.
 {"metadata":{"emulator":{"name":"firestore"},"message":"Aug 16, 2026 6:02:59 AM io.gapi.emulators.netty.HttpVersionRoutingHandler channelRead\r\nINFO: Detected non-HTTP/2 connection.\r\n"}}
[debug] [2026-08-16T01:03:00.674Z] Aug 16, 2026 6:03:00 AM io.gapi.emulators.netty.HttpVersionRoutingHandler channelRead
INFO: Detected non-HTTP/2 connection.
 {"metadata":{"emulator":{"name":"firestore"},"message":"Aug 16, 2026 6:03:00 AM io.gapi.emulators.netty.HttpVersionRoutingHandler channelRead\r\nINFO: Detected non-HTTP/2 connection.\r\n"}}
[debug] [2026-08-16T01:03:00.725Z] Aug 16, 2026 6:03:00 AM io.gapi.emulators.netty.HttpVersionRoutingHandler channelRead
INFO: Detected non-HTTP/2 connection.
 {"metadata":{"emulator":{"name":"firestore"},"message":"Aug 16, 2026 6:03:00 AM io.gapi.emulators.netty.HttpVersionRoutingHandler channelRead\r\nINFO: Detected non-HTTP/2 connection.\r\n"}}
[debug] [2026-08-16T01:03:24.122Z] Aug 16, 2026 6:03:24 AM io.gapi.emulators.netty.HttpVersionRoutingHandler channelRead
INFO: Detected non-HTTP/2 connection.
 {"metadata":{"emulator":{"name":"firestore"},"message":"Aug 16, 2026 6:03:24 AM io.gapi.emulators.netty.HttpVersionRoutingHandler channelRead\r\nINFO: Detected non-HTTP/2 connection.\r\n"}}
[debug] [2026-08-16T01:04:00.791Z] Aug 16, 2026 6:04:00 AM io.gapi.emulators.netty.HttpVersionRoutingHandler channelRead
INFO: Detected non-HTTP/2 connection.
 {"metadata":{"emulator":{"name":"firestore"},"message":"Aug 16, 2026 6:04:00 AM io.gapi.emulators.netty.HttpVersionRoutingHandler channelRead\r\nINFO: Detected non-HTTP/2 connection.\r\n"}}
[debug] [2026-08-16T01:04:24.130Z] Aug 16, 2026 6:04:24 AM io.gapi.emulators.netty.HttpVersionRoutingHandler channelRead
INFO: Detected non-HTTP/2 connection.
 {"metadata":{"emulator":{"name":"firestore"},"message":"Aug 16, 2026 6:04:24 AM io.gapi.emulators.netty.HttpVersionRoutingHandler channelRead\r\nINFO: Detected non-HTTP/2 connection.\r\n"}}
[debug] [2026-08-16T01:05:00.830Z] Aug 16, 2026 6:05:00 AM io.gapi.emulators.netty.HttpVersionRoutingHandler channelRead
INFO: Detected non-HTTP/2 connection.
 {"metadata":{"emulator":{"name":"firestore"},"message":"Aug 16, 2026 6:05:00 AM io.gapi.emulators.netty.HttpVersionRoutingHandler channelRead\r\nINFO: Detected non-HTTP/2 connection.\r\n"}}
[debug] [2026-08-16T01:05:24.144Z] Aug 16, 2026 6:05:24 AM io.gapi.emulators.netty.HttpVersionRoutingHandler channelRead
INFO: Detected non-HTTP/2 connection.
 {"metadata":{"emulator":{"name":"firestore"},"message":"Aug 16, 2026 6:05:24 AM io.gapi.emulators.netty.HttpVersionRoutingHandler channelRead\r\nINFO: Detected non-HTTP/2 connection.\r\n"}}
[debug] [2026-08-16T01:05:46.059Z] Aug 16, 2026 6:05:46 AM io.gapi.emulators.netty.HttpVersionRoutingHandler channelRead
INFO: Detected non-HTTP/2 connection.
 {"metadata":{"emulator":{"name":"firestore"},"message":"Aug 16, 2026 6:05:46 AM io.gapi.emulators.netty.HttpVersionRoutingHandler channelRead\r\nINFO: Detected non-HTTP/2 connection.\r\n"}}
[debug] [2026-08-16T01:06:10.052Z] Aug 16, 2026 6:06:10 AM io.gapi.emulators.netty.HttpVersionRoutingHandler channelRead
INFO: Detected non-HTTP/2 connection.
 {"metadata":{"emulator":{"name":"firestore"},"message":"Aug 16, 2026 6:06:10 AM io.gapi.emulators.netty.HttpVersionRoutingHandler channelRead\r\nINFO: Detected non-HTTP/2 connection.\r\n"}}
[debug] [2026-08-16T01:06:46.144Z] Aug 16, 2026 6:06:46 AM io.gapi.emulators.netty.HttpVersionRoutingHandler channelRead
INFO: Detected non-HTTP/2 connection.
 {"metadata":{"emulator":{"name":"firestore"},"message":"Aug 16, 2026 6:06:46 AM io.gapi.emulators.netty.HttpVersionRoutingHandler channelRead\r\nINFO: Detected non-HTTP/2 connection.\r\n"}}
[debug] [2026-08-16T01:07:10.064Z] Aug 16, 2026 6:07:10 AM io.gapi.emulators.netty.HttpVersionRoutingHandler channelRead
INFO: Detected non-HTTP/2 connection.
 {"metadata":{"emulator":{"name":"firestore"},"message":"Aug 16, 2026 6:07:10 AM io.gapi.emulators.netty.HttpVersionRoutingHandler channelRead\r\nINFO: Detected non-HTTP/2 connection.\r\n"}}
[debug] [2026-08-16T01:08:02.041Z] Aug 16, 2026 6:08:02 AM io.gapi.emulators.netty.HttpVersionRoutingHandler channelRead
INFO: Detected non-HTTP/2 connection.
 {"metadata":{"emulator":{"name":"firestore"},"message":"Aug 16, 2026 6:08:02 AM io.gapi.emulators.netty.HttpVersionRoutingHandler channelRead\r\nINFO: Detected non-HTTP/2 connection.\r\n"}}
[debug] [2026-08-16T01:08:11.295Z] Aug 16, 2026 6:08:11 AM io.gapi.emulators.netty.HttpVersionRoutingHandler channelRead
INFO: Detected non-HTTP/2 connection.
 {"metadata":{"emulator":{"name":"firestore"},"message":"Aug 16, 2026 6:08:11 AM io.gapi.emulators.netty.HttpVersionRoutingHandler channelRead\r\nINFO: Detected non-HTTP/2 connection.\r\n"}}
[debug] [2026-08-16T01:08:54.424Z] Aug 16, 2026 6:08:54 AM io.gapi.emulators.netty.HttpVersionRoutingHandler channelRead
INFO: Detected non-HTTP/2 connection.
 {"metadata":{"emulator":{"name":"firestore"},"message":"Aug 16, 2026 6:08:54 AM io.gapi.emulators.netty.HttpVersionRoutingHandler channelRead\r\nINFO: Detected non-HTTP/2 connection.\r\n"}}
[debug] [2026-08-16T01:08:54.485Z] Aug 16, 2026 6:08:54 AM io.gapi.emulators.netty.HttpVersionRoutingHandler channelRead
INFO: Detected non-HTTP/2 connection.
 {"metadata":{"emulator":{"name":"firestore"},"message":"Aug 16, 2026 6:08:54 AM io.gapi.emulators.netty.HttpVersionRoutingHandler channelRead\r\nINFO: Detected non-HTTP/2 connection.\r\n"}}
[debug] [2026-08-16T01:08:54.506Z] Aug 16, 2026 6:08:54 AM io.gapi.emulators.netty.HttpVersionRoutingHandler channelRead
INFO: Detected non-HTTP/2 connection.
 {"metadata":{"emulator":{"name":"firestore"},"message":"Aug 16, 2026 6:08:54 AM io.gapi.emulators.netty.HttpVersionRoutingHandler channelRead\r\nINFO: Detected non-HTTP/2 connection.\r\n"}}
[debug] [2026-08-16T01:08:55.618Z] Aug 16, 2026 6:08:55 AM io.gapi.emulators.netty.HttpVersionRoutingHandler channelRead
INFO: Detected non-HTTP/2 connection.
 {"metadata":{"emulator":{"name":"firestore"},"message":"Aug 16, 2026 6:08:55 AM io.gapi.emulators.netty.HttpVersionRoutingHandler channelRead\r\nINFO: Detected non-HTTP/2 connection.\r\n"}}
[debug] [2026-08-16T01:08:55.673Z] Aug 16, 2026 6:08:55 AM io.gapi.emulators.netty.HttpVersionRoutingHandler channelRead
INFO: Detected non-HTTP/2 connection.
 {"metadata":{"emulator":{"name":"firestore"},"message":"Aug 16, 2026 6:08:55 AM io.gapi.emulators.netty.HttpVersionRoutingHandler channelRead\r\nINFO: Detected non-HTTP/2 connection.\r\n"}}
[debug] [2026-08-16T01:09:02.225Z] Aug 16, 2026 6:09:02 AM io.gapi.emulators.netty.HttpVersionRoutingHandler channelRead
INFO: Detected non-HTTP/2 connection.
 {"metadata":{"emulator":{"name":"firestore"},"message":"Aug 16, 2026 6:09:02 AM io.gapi.emulators.netty.HttpVersionRoutingHandler channelRead\r\nINFO: Detected non-HTTP/2 connection.\r\n"}}
[debug] [2026-08-16T01:09:02.269Z] Aug 16, 2026 6:09:02 AM io.gapi.emulators.netty.HttpVersionRoutingHandler channelRead
INFO: Detected non-HTTP/2 connection.
 {"metadata":{"emulator":{"name":"firestore"},"message":"Aug 16, 2026 6:09:02 AM io.gapi.emulators.netty.HttpVersionRoutingHandler channelRead\r\nINFO: Detected non-HTTP/2 connection.\r\n"}}
[debug] [2026-08-16T01:09:02.290Z] Aug 16, 2026 6:09:02 AM io.gapi.emulators.netty.HttpVersionRoutingHandler channelRead
INFO: Detected non-HTTP/2 connection.
 {"metadata":{"emulator":{"name":"firestore"},"message":"Aug 16, 2026 6:09:02 AM io.gapi.emulators.netty.HttpVersionRoutingHandler channelRead\r\nINFO: Detected non-HTTP/2 connection.\r\n"}}
[debug] [2026-08-16T01:09:13.327Z] Aug 16, 2026 6:09:13 AM io.gapi.emulators.netty.HttpVersionRoutingHandler channelRead
INFO: Detected non-HTTP/2 connection.
 {"metadata":{"emulator":{"name":"firestore"},"message":"Aug 16, 2026 6:09:13 AM io.gapi.emulators.netty.HttpVersionRoutingHandler channelRead\r\nINFO: Detected non-HTTP/2 connection.\r\n"}}
[debug] [2026-08-16T01:09:25.941Z] Aug 16, 2026 6:09:25 AM io.gapi.emulators.netty.HttpVersionRoutingHandler channelRead
INFO: Detected non-HTTP/2 connection.
 {"metadata":{"emulator":{"name":"firestore"},"message":"Aug 16, 2026 6:09:25 AM io.gapi.emulators.netty.HttpVersionRoutingHandler channelRead\r\nINFO: Detected non-HTTP/2 connection.\r\n"}}
[debug] [2026-08-16T01:09:26.045Z] Aug 16, 2026 6:09:26 AM io.gapi.emulators.netty.HttpVersionRoutingHandler channelRead
INFO: Detected non-HTTP/2 connection.
 {"metadata":{"emulator":{"name":"firestore"},"message":"Aug 16, 2026 6:09:26 AM io.gapi.emulators.netty.HttpVersionRoutingHandler channelRead\r\nINFO: Detected non-HTTP/2 connection.\r\n"}}
[debug] [2026-08-16T01:09:26.070Z] Aug 16, 2026 6:09:26 AM io.gapi.emulators.netty.HttpVersionRoutingHandler channelRead
INFO: Detected non-HTTP/2 connection.
 {"metadata":{"emulator":{"name":"firestore"},"message":"Aug 16, 2026 6:09:26 AM io.gapi.emulators.netty.HttpVersionRoutingHandler channelRead\r\nINFO: Detected non-HTTP/2 connection.\r\n"}}
[debug] [2026-08-16T01:09:26.567Z] Aug 16, 2026 6:09:26 AM io.gapi.emulators.netty.HttpVersionRoutingHandler channelRead
INFO: Detected non-HTTP/2 connection.
 {"metadata":{"emulator":{"name":"firestore"},"message":"Aug 16, 2026 6:09:26 AM io.gapi.emulators.netty.HttpVersionRoutingHandler channelRead\r\nINFO: Detected non-HTTP/2 connection.\r\n"}}
[debug] [2026-08-16T01:09:26.645Z] Aug 16, 2026 6:09:26 AM io.gapi.emulators.netty.HttpVersionRoutingHandler channelRead
INFO: Detected non-HTTP/2 connection.
 {"metadata":{"emulator":{"name":"firestore"},"message":"Aug 16, 2026 6:09:26 AM io.gapi.emulators.netty.HttpVersionRoutingHandler channelRead\r\nINFO: Detected non-HTTP/2 connection.\r\n"}}
[debug] [2026-08-16T01:09:55.787Z] Aug 16, 2026 6:09:55 AM io.gapi.emulators.netty.HttpVersionRoutingHandler channelRead
INFO: Detected non-HTTP/2 connection.
 {"metadata":{"emulator":{"name":"firestore"},"message":"Aug 16, 2026 6:09:55 AM io.gapi.emulators.netty.HttpVersionRoutingHandler channelRead\r\nINFO: Detected non-HTTP/2 connection.\r\n"}}
[debug] [2026-08-16T01:09:57.514Z] Aug 16, 2026 6:09:57 AM io.gapi.emulators.netty.HttpVersionRoutingHandler channelRead
INFO: Detected non-HTTP/2 connection.
 {"metadata":{"emulator":{"name":"firestore"},"message":"Aug 16, 2026 6:09:57 AM io.gapi.emulators.netty.HttpVersionRoutingHandler channelRead\r\nINFO: Detected non-HTTP/2 connection.\r\n"}}
[debug] [2026-08-16T01:09:57.543Z] Aug 16, 2026 6:09:57 AM io.gapi.emulators.netty.HttpVersionRoutingHandler channelRead
INFO: Detected non-HTTP/2 connection.
 {"metadata":{"emulator":{"name":"firestore"},"message":"Aug 16, 2026 6:09:57 AM io.gapi.emulators.netty.HttpVersionRoutingHandler channelRead\r\nINFO: Detected non-HTTP/2 connection.\r\n"}}
[debug] [2026-08-16T01:10:13.416Z] Aug 16, 2026 6:10:13 AM io.gapi.emulators.netty.HttpVersionRoutingHandler channelRead
INFO: Detected non-HTTP/2 connection.
 {"metadata":{"emulator":{"name":"firestore"},"message":"Aug 16, 2026 6:10:13 AM io.gapi.emulators.netty.HttpVersionRoutingHandler channelRead\r\nINFO: Detected non-HTTP/2 connection.\r\n"}}
[debug] [2026-08-16T01:10:59.029Z] Aug 16, 2026 6:10:59 AM io.gapi.emulators.netty.HttpVersionRoutingHandler channelRead
INFO: Detected non-HTTP/2 connection.
 {"metadata":{"emulator":{"name":"firestore"},"message":"Aug 16, 2026 6:10:59 AM io.gapi.emulators.netty.HttpVersionRoutingHandler channelRead\r\nINFO: Detected non-HTTP/2 connection.\r\n"}}
[debug] [2026-08-16T01:11:59.055Z] Aug 16, 2026 6:11:59 AM io.gapi.emulators.netty.HttpVersionRoutingHandler channelRead
INFO: Detected non-HTTP/2 connection.
 {"metadata":{"emulator":{"name":"firestore"},"message":"Aug 16, 2026 6:11:59 AM io.gapi.emulators.netty.HttpVersionRoutingHandler channelRead\r\nINFO: Detected non-HTTP/2 connection.\r\n"}}
[debug] [2026-08-16T01:12:59.072Z] Aug 16, 2026 6:12:59 AM io.gapi.emulators.netty.HttpVersionRoutingHandler channelRead
INFO: Detected non-HTTP/2 connection.
 {"metadata":{"emulator":{"name":"firestore"},"message":"Aug 16, 2026 6:12:59 AM io.gapi.emulators.netty.HttpVersionRoutingHandler channelRead\r\nINFO: Detected non-HTTP/2 connection.\r\n"}}
[debug] [2026-08-16T01:13:59.089Z] Aug 16, 2026 6:13:59 AM io.gapi.emulators.netty.HttpVersionRoutingHandler channelRead
INFO: Detected non-HTTP/2 connection.
 {"metadata":{"emulator":{"name":"firestore"},"message":"Aug 16, 2026 6:13:59 AM io.gapi.emulators.netty.HttpVersionRoutingHandler channelRead\r\nINFO: Detected non-HTTP/2 connection.\r\n"}}
[debug] [2026-08-16T01:14:59.120Z] Aug 16, 2026 6:14:59 AM io.gapi.emulators.netty.HttpVersionRoutingHandler channelRead
INFO: Detected non-HTTP/2 connection.
 {"metadata":{"emulator":{"name":"firestore"},"message":"Aug 16, 2026 6:14:59 AM io.gapi.emulators.netty.HttpVersionRoutingHandler channelRead\r\nINFO: Detected non-HTTP/2 connection.\r\n"}}
[debug] [2026-08-16T01:15:45.000Z] Aug 16, 2026 6:15:44 AM io.gapi.emulators.netty.HttpVersionRoutingHandler channelRead
INFO: Detected non-HTTP/2 connection.
 {"metadata":{"emulator":{"name":"firestore"},"message":"Aug 16, 2026 6:15:44 AM io.gapi.emulators.netty.HttpVersionRoutingHandler channelRead\r\nINFO: Detected non-HTTP/2 connection.\r\n"}}
[debug] [2026-08-16T01:16:45.015Z] Aug 16, 2026 6:16:45 AM io.gapi.emulators.netty.HttpVersionRoutingHandler channelRead
INFO: Detected non-HTTP/2 connection.
 {"metadata":{"emulator":{"name":"firestore"},"message":"Aug 16, 2026 6:16:45 AM io.gapi.emulators.netty.HttpVersionRoutingHandler channelRead\r\nINFO: Detected non-HTTP/2 connection.\r\n"}}
[debug] [2026-08-16T01:17:45.056Z] Aug 16, 2026 6:17:45 AM io.gapi.emulators.netty.HttpVersionRoutingHandler channelRead
INFO: Detected non-HTTP/2 connection.
 {"metadata":{"emulator":{"name":"firestore"},"message":"Aug 16, 2026 6:17:45 AM io.gapi.emulators.netty.HttpVersionRoutingHandler channelRead\r\nINFO: Detected non-HTTP/2 connection.\r\n"}}
[debug] [2026-08-16T01:18:45.134Z] Aug 16, 2026 6:18:45 AM io.gapi.emulators.netty.HttpVersionRoutingHandler channelRead
INFO: Detected non-HTTP/2 connection.
 {"metadata":{"emulator":{"name":"firestore"},"message":"Aug 16, 2026 6:18:45 AM io.gapi.emulators.netty.HttpVersionRoutingHandler channelRead\r\nINFO: Detected non-HTTP/2 connection.\r\n"}}
[debug] [2026-08-16T01:19:45.163Z] Aug 16, 2026 6:19:45 AM io.gapi.emulators.netty.HttpVersionRoutingHandler channelRead
INFO: Detected non-HTTP/2 connection.
 {"metadata":{"emulator":{"name":"firestore"},"message":"Aug 16, 2026 6:19:45 AM io.gapi.emulators.netty.HttpVersionRoutingHandler channelRead\r\nINFO: Detected non-HTTP/2 connection.\r\n"}}
[debug] [2026-08-16T01:20:45.207Z] Aug 16, 2026 6:20:45 AM io.gapi.emulators.netty.HttpVersionRoutingHandler channelRead
INFO: Detected non-HTTP/2 connection.
 {"metadata":{"emulator":{"name":"firestore"},"message":"Aug 16, 2026 6:20:45 AM io.gapi.emulators.netty.HttpVersionRoutingHandler channelRead\r\nINFO: Detected non-HTTP/2 connection.\r\n"}}
[debug] [2026-08-16T01:21:21.167Z] Aug 16, 2026 6:21:21 AM io.gapi.emulators.netty.HttpVersionRoutingHandler channelRead
INFO: Detected non-HTTP/2 connection.
 {"metadata":{"emulator":{"name":"firestore"},"message":"Aug 16, 2026 6:21:21 AM io.gapi.emulators.netty.HttpVersionRoutingHandler channelRead\r\nINFO: Detected non-HTTP/2 connection.\r\n"}}
[debug] [2026-08-16T01:21:21.207Z] Aug 16, 2026 6:21:21 AM io.gapi.emulators.netty.HttpVersionRoutingHandler channelRead
INFO: Detected non-HTTP/2 connection.
 {"metadata":{"emulator":{"name":"firestore"},"message":"Aug 16, 2026 6:21:21 AM io.gapi.emulators.netty.HttpVersionRoutingHandler channelRead\r\nINFO: Detected non-HTTP/2 connection.\r\n"}}
[debug] [2026-08-16T01:21:21.286Z] Aug 16, 2026 6:21:21 AM io.gapi.emulators.netty.HttpVersionRoutingHandler channelRead
INFO: Detected non-HTTP/2 connection.
 {"metadata":{"emulator":{"name":"firestore"},"message":"Aug 16, 2026 6:21:21 AM io.gapi.emulators.netty.HttpVersionRoutingHandler channelRead\r\nINFO: Detected non-HTTP/2 connection.\r\n"}}
[debug] [2026-08-16T01:21:26.900Z] Aug 16, 2026 6:21:26 AM io.gapi.emulators.netty.HttpVersionRoutingHandler channelRead
INFO: Detected non-HTTP/2 connection.
 {"metadata":{"emulator":{"name":"firestore"},"message":"Aug 16, 2026 6:21:26 AM io.gapi.emulators.netty.HttpVersionRoutingHandler channelRead\r\nINFO: Detected non-HTTP/2 connection.\r\n"}}
[debug] [2026-08-16T01:21:26.946Z] Aug 16, 2026 6:21:26 AM io.gapi.emulators.netty.HttpVersionRoutingHandler channelRead
INFO: Detected non-HTTP/2 connection.
 {"metadata":{"emulator":{"name":"firestore"},"message":"Aug 16, 2026 6:21:26 AM io.gapi.emulators.netty.HttpVersionRoutingHandler channelRead\r\nINFO: Detected non-HTTP/2 connection.\r\n"}}
[debug] [2026-08-16T01:21:27.038Z] Aug 16, 2026 6:21:27 AM io.gapi.emulators.netty.HttpVersionRoutingHandler channelRead
INFO: Detected non-HTTP/2 connection.
 {"metadata":{"emulator":{"name":"firestore"},"message":"Aug 16, 2026 6:21:27 AM io.gapi.emulators.netty.HttpVersionRoutingHandler channelRead\r\nINFO: Detected non-HTTP/2 connection.\r\n"}}
[debug] [2026-08-16T01:21:27.081Z] Aug 16, 2026 6:21:27 AM io.gapi.emulators.netty.HttpVersionRoutingHandler channelRead
INFO: Detected non-HTTP/2 connection.
 {"metadata":{"emulator":{"name":"firestore"},"message":"Aug 16, 2026 6:21:27 AM io.gapi.emulators.netty.HttpVersionRoutingHandler channelRead\r\nINFO: Detected non-HTTP/2 connection.\r\n"}}
[debug] [2026-08-16T01:21:32.320Z] Aug 16, 2026 6:21:32 AM io.gapi.emulators.netty.HttpVersionRoutingHandler channelRead
INFO: Detected non-HTTP/2 connection.
 {"metadata":{"emulator":{"name":"firestore"},"message":"Aug 16, 2026 6:21:32 AM io.gapi.emulators.netty.HttpVersionRoutingHandler channelRead\r\nINFO: Detected non-HTTP/2 connection.\r\n"}}
[debug] [2026-08-16T01:21:32.367Z] Aug 16, 2026 6:21:32 AM io.gapi.emulators.netty.HttpVersionRoutingHandler channelRead
INFO: Detected non-HTTP/2 connection.
 {"metadata":{"emulator":{"name":"firestore"},"message":"Aug 16, 2026 6:21:32 AM io.gapi.emulators.netty.HttpVersionRoutingHandler channelRead\r\nINFO: Detected non-HTTP/2 connection.\r\n"}}
[debug] [2026-08-16T01:21:34.543Z] Aug 16, 2026 6:21:34 AM io.gapi.emulators.netty.HttpVersionRoutingHandler channelRead
INFO: Detected non-HTTP/2 connection.
 {"metadata":{"emulator":{"name":"firestore"},"message":"Aug 16, 2026 6:21:34 AM io.gapi.emulators.netty.HttpVersionRoutingHandler channelRead\r\nINFO: Detected non-HTTP/2 connection.\r\n"}}
[debug] [2026-08-16T01:21:34.559Z] Aug 16, 2026 6:21:34 AM io.gapi.emulators.netty.HttpVersionRoutingHandler channelRead
INFO: Detected non-HTTP/2 connection.
 {"metadata":{"emulator":{"name":"firestore"},"message":"Aug 16, 2026 6:21:34 AM io.gapi.emulators.netty.HttpVersionRoutingHandler channelRead\r\nINFO: Detected non-HTTP/2 connection.\r\n"}}
[debug] [2026-08-16T01:21:34.614Z] Aug 16, 2026 6:21:34 AM io.gapi.emulators.netty.HttpVersionRoutingHandler channelRead
INFO: Detected non-HTTP/2 connection.
 {"metadata":{"emulator":{"name":"firestore"},"message":"Aug 16, 2026 6:21:34 AM io.gapi.emulators.netty.HttpVersionRoutingHandler channelRead\r\nINFO: Detected non-HTTP/2 connection.\r\n"}}
[debug] [2026-08-16T01:21:41.393Z] Aug 16, 2026 6:21:41 AM io.gapi.emulators.netty.HttpVersionRoutingHandler channelRead
INFO: Detected non-HTTP/2 connection.
 {"metadata":{"emulator":{"name":"firestore"},"message":"Aug 16, 2026 6:21:41 AM io.gapi.emulators.netty.HttpVersionRoutingHandler channelRead\r\nINFO: Detected non-HTTP/2 connection.\r\n"}}
[debug] [2026-08-16T01:21:41.460Z] Aug 16, 2026 6:21:41 AM io.gapi.emulators.netty.HttpVersionRoutingHandler channelRead
INFO: Detected non-HTTP/2 connection.
 {"metadata":{"emulator":{"name":"firestore"},"message":"Aug 16, 2026 6:21:41 AM io.gapi.emulators.netty.HttpVersionRoutingHandler channelRead\r\nINFO: Detected non-HTTP/2 connection.\r\n"}}
[debug] [2026-08-16T01:21:45.773Z] Aug 16, 2026 6:21:45 AM io.gapi.emulators.netty.HttpVersionRoutingHandler channelRead
INFO: Detected non-HTTP/2 connection.
 {"metadata":{"emulator":{"name":"firestore"},"message":"Aug 16, 2026 6:21:45 AM io.gapi.emulators.netty.HttpVersionRoutingHandler channelRead\r\nINFO: Detected non-HTTP/2 connection.\r\n"}}
[debug] [2026-08-16T01:21:45.793Z] Aug 16, 2026 6:21:45 AM io.gapi.emulators.netty.HttpVersionRoutingHandler channelRead
INFO: Detected non-HTTP/2 connection.
 {"metadata":{"emulator":{"name":"firestore"},"message":"Aug 16, 2026 6:21:45 AM io.gapi.emulators.netty.HttpVersionRoutingHandler channelRead\r\nINFO: Detected non-HTTP/2 connection.\r\n"}}
[debug] [2026-08-16T01:21:45.839Z] Aug 16, 2026 6:21:45 AM io.gapi.emulators.netty.HttpVersionRoutingHandler channelRead
INFO: Detected non-HTTP/2 connection.
 {"metadata":{"emulator":{"name":"firestore"},"message":"Aug 16, 2026 6:21:45 AM io.gapi.emulators.netty.HttpVersionRoutingHandler channelRead\r\nINFO: Detected non-HTTP/2 connection.\r\n"}}
[debug] [2026-08-16T01:21:50.421Z] Aug 16, 2026 6:21:50 AM io.gapi.emulators.netty.HttpVersionRoutingHandler channelRead
INFO: Detected non-HTTP/2 connection.
 {"metadata":{"emulator":{"name":"firestore"},"message":"Aug 16, 2026 6:21:50 AM io.gapi.emulators.netty.HttpVersionRoutingHandler channelRead\r\nINFO: Detected non-HTTP/2 connection.\r\n"}}
[debug] [2026-08-16T01:21:51.118Z] Aug 16, 2026 6:21:51 AM io.gapi.emulators.netty.HttpVersionRoutingHandler channelRead
INFO: Detected non-HTTP/2 connection.
 {"metadata":{"emulator":{"name":"firestore"},"message":"Aug 16, 2026 6:21:51 AM io.gapi.emulators.netty.HttpVersionRoutingHandler channelRead\r\nINFO: Detected non-HTTP/2 connection.\r\n"}}
[debug] [2026-08-16T01:21:51.176Z] Aug 16, 2026 6:21:51 AM io.gapi.emulators.netty.HttpVersionRoutingHandler channelRead
INFO: Detected non-HTTP/2 connection.
 {"metadata":{"emulator":{"name":"firestore"},"message":"Aug 16, 2026 6:21:51 AM io.gapi.emulators.netty.HttpVersionRoutingHandler channelRead\r\nINFO: Detected non-HTTP/2 connection.\r\n"}}
[debug] [2026-08-16T01:22:05.389Z] Aug 16, 2026 6:22:05 AM io.gapi.emulators.netty.HttpVersionRoutingHandler channelRead
INFO: Detected non-HTTP/2 connection.
 {"metadata":{"emulator":{"name":"firestore"},"message":"Aug 16, 2026 6:22:05 AM io.gapi.emulators.netty.HttpVersionRoutingHandler channelRead\r\nINFO: Detected non-HTTP/2 connection.\r\n"}}
[debug] [2026-08-16T01:22:05.449Z] Aug 16, 2026 6:22:05 AM io.gapi.emulators.netty.HttpVersionRoutingHandler channelRead
INFO: Detected non-HTTP/2 connection.
 {"metadata":{"emulator":{"name":"firestore"},"message":"Aug 16, 2026 6:22:05 AM io.gapi.emulators.netty.HttpVersionRoutingHandler channelRead\r\nINFO: Detected non-HTTP/2 connection.\r\n"}}
[debug] [2026-08-16T01:22:05.450Z] Aug 16, 2026 6:22:05 AM io.gapi.emulators.netty.HttpVersionRoutingHandler channelRead
INFO: Detected non-HTTP/2 connection.
 {"metadata":{"emulator":{"name":"firestore"},"message":"Aug 16, 2026 6:22:05 AM io.gapi.emulators.netty.HttpVersionRoutingHandler channelRead\r\nINFO: Detected non-HTTP/2 connection.\r\n"}}
[debug] [2026-08-16T01:22:05.474Z] Aug 16, 2026 6:22:05 AM io.gapi.emulators.netty.HttpVersionRoutingHandler channelRead
INFO: Detected non-HTTP/2 connection.
 {"metadata":{"emulator":{"name":"firestore"},"message":"Aug 16, 2026 6:22:05 AM io.gapi.emulators.netty.HttpVersionRoutingHandler channelRead\r\nINFO: Detected non-HTTP/2 connection.\r\n"}}
[debug] [2026-08-16T01:22:05.489Z] Aug 16, 2026 6:22:05 AM io.gapi.emulators.netty.HttpVersionRoutingHandler channelRead
INFO: Detected non-HTTP/2 connection.
 {"metadata":{"emulator":{"name":"firestore"},"message":"Aug 16, 2026 6:22:05 AM io.gapi.emulators.netty.HttpVersionRoutingHandler channelRead\r\nINFO: Detected non-HTTP/2 connection.\r\n"}}
[debug] [2026-08-16T01:22:09.720Z] Aug 16, 2026 6:22:09 AM io.gapi.emulators.netty.HttpVersionRoutingHandler channelRead
INFO: Detected non-HTTP/2 connection.
 {"metadata":{"emulator":{"name":"firestore"},"message":"Aug 16, 2026 6:22:09 AM io.gapi.emulators.netty.HttpVersionRoutingHandler channelRead\r\nINFO: Detected non-HTTP/2 connection.\r\n"}}
[debug] [2026-08-16T01:22:09.733Z] Aug 16, 2026 6:22:09 AM io.gapi.emulators.netty.HttpVersionRoutingHandler channelRead
INFO: Detected non-HTTP/2 connection.
 {"metadata":{"emulator":{"name":"firestore"},"message":"Aug 16, 2026 6:22:09 AM io.gapi.emulators.netty.HttpVersionRoutingHandler channelRead\r\nINFO: Detected non-HTTP/2 connection.\r\n"}}
[debug] [2026-08-16T01:22:09.778Z] Aug 16, 2026 6:22:09 AM io.gapi.emulators.netty.HttpVersionRoutingHandler channelRead
INFO: Detected non-HTTP/2 connection.
 {"metadata":{"emulator":{"name":"firestore"},"message":"Aug 16, 2026 6:22:09 AM io.gapi.emulators.netty.HttpVersionRoutingHandler channelRead\r\nINFO: Detected non-HTTP/2 connection.\r\n"}}
[debug] [2026-08-16T01:22:22.991Z] Aug 16, 2026 6:22:22 AM io.gapi.emulators.netty.HttpVersionRoutingHandler channelRead
INFO: Detected non-HTTP/2 connection.
 {"metadata":{"emulator":{"name":"firestore"},"message":"Aug 16, 2026 6:22:22 AM io.gapi.emulators.netty.HttpVersionRoutingHandler channelRead\r\nINFO: Detected non-HTTP/2 connection.\r\n"}}
[debug] [2026-08-16T01:22:35.976Z] Aug 16, 2026 6:22:35 AM io.gapi.emulators.netty.HttpVersionRoutingHandler channelRead
INFO: Detected non-HTTP/2 connection.
 {"metadata":{"emulator":{"name":"firestore"},"message":"Aug 16, 2026 6:22:35 AM io.gapi.emulators.netty.HttpVersionRoutingHandler channelRead\r\nINFO: Detected non-HTTP/2 connection.\r\n"}}
[debug] [2026-08-16T01:22:39.794Z] Aug 16, 2026 6:22:39 AM io.gapi.emulators.netty.HttpVersionRoutingHandler channelRead
INFO: Detected non-HTTP/2 connection.
 {"metadata":{"emulator":{"name":"firestore"},"message":"Aug 16, 2026 6:22:39 AM io.gapi.emulators.netty.HttpVersionRoutingHandler channelRead\r\nINFO: Detected non-HTTP/2 connection.\r\n"}}
[debug] [2026-08-16T01:23:05.984Z] Aug 16, 2026 6:23:05 AM io.gapi.emulators.netty.HttpVersionRoutingHandler channelRead
INFO: Detected non-HTTP/2 connection.
 {"metadata":{"emulator":{"name":"firestore"},"message":"Aug 16, 2026 6:23:05 AM io.gapi.emulators.netty.HttpVersionRoutingHandler channelRead\r\nINFO: Detected non-HTTP/2 connection.\r\n"}}
[debug] [2026-08-16T01:23:36.002Z] Aug 16, 2026 6:23:36 AM io.gapi.emulators.netty.HttpVersionRoutingHandler channelRead
INFO: Detected non-HTTP/2 connection.
 {"metadata":{"emulator":{"name":"firestore"},"message":"Aug 16, 2026 6:23:36 AM io.gapi.emulators.netty.HttpVersionRoutingHandler channelRead\r\nINFO: Detected non-HTTP/2 connection.\r\n"}}
[debug] [2026-08-16T01:24:36.026Z] Aug 16, 2026 6:24:36 AM io.gapi.emulators.netty.HttpVersionRoutingHandler channelRead
INFO: Detected non-HTTP/2 connection.
 {"metadata":{"emulator":{"name":"firestore"},"message":"Aug 16, 2026 6:24:36 AM io.gapi.emulators.netty.HttpVersionRoutingHandler channelRead\r\nINFO: Detected non-HTTP/2 connection.\r\n"}}
[debug] [2026-08-16T01:25:36.052Z] Aug 16, 2026 6:25:36 AM io.gapi.emulators.netty.HttpVersionRoutingHandler channelRead
INFO: Detected non-HTTP/2 connection.
 {"metadata":{"emulator":{"name":"firestore"},"message":"Aug 16, 2026 6:25:36 AM io.gapi.emulators.netty.HttpVersionRoutingHandler channelRead\r\nINFO: Detected non-HTTP/2 connection.\r\n"}}
[debug] [2026-08-16T01:25:55.283Z] Aug 16, 2026 6:25:55 AM io.gapi.emulators.netty.HttpVersionRoutingHandler channelRead
INFO: Detected non-HTTP/2 connection.
 {"metadata":{"emulator":{"name":"firestore"},"message":"Aug 16, 2026 6:25:55 AM io.gapi.emulators.netty.HttpVersionRoutingHandler channelRead\r\nINFO: Detected non-HTTP/2 connection.\r\n"}}
[debug] [2026-08-16T01:25:55.320Z] Aug 16, 2026 6:25:55 AM io.gapi.emulators.netty.HttpVersionRoutingHandler channelRead
INFO: Detected non-HTTP/2 connection.
 {"metadata":{"emulator":{"name":"firestore"},"message":"Aug 16, 2026 6:25:55 AM io.gapi.emulators.netty.HttpVersionRoutingHandler channelRead\r\nINFO: Detected non-HTTP/2 connection.\r\n"}}
[debug] [2026-08-16T01:25:57.453Z] Aug 16, 2026 6:25:57 AM io.gapi.emulators.netty.HttpVersionRoutingHandler channelRead
INFO: Detected non-HTTP/2 connection.
 {"metadata":{"emulator":{"name":"firestore"},"message":"Aug 16, 2026 6:25:57 AM io.gapi.emulators.netty.HttpVersionRoutingHandler channelRead\r\nINFO: Detected non-HTTP/2 connection.\r\n"}}
[debug] [2026-08-16T01:25:57.466Z] Aug 16, 2026 6:25:57 AM io.gapi.emulators.netty.HttpVersionRoutingHandler channelRead
INFO: Detected non-HTTP/2 connection.
 {"metadata":{"emulator":{"name":"firestore"},"message":"Aug 16, 2026 6:25:57 AM io.gapi.emulators.netty.HttpVersionRoutingHandler channelRead\r\nINFO: Detected non-HTTP/2 connection.\r\n"}}
[debug] [2026-08-16T01:25:57.482Z] Aug 16, 2026 6:25:57 AM io.gapi.emulators.netty.HttpVersionRoutingHandler channelRead
INFO: Detected non-HTTP/2 connection.
 {"metadata":{"emulator":{"name":"firestore"},"message":"Aug 16, 2026 6:25:57 AM io.gapi.emulators.netty.HttpVersionRoutingHandler channelRead\r\nINFO: Detected non-HTTP/2 connection.\r\n"}}
[debug] [2026-08-16T01:26:36.073Z] Aug 16, 2026 6:26:36 AM io.gapi.emulators.netty.HttpVersionRoutingHandler channelRead
INFO: Detected non-HTTP/2 connection.
 {"metadata":{"emulator":{"name":"firestore"},"message":"Aug 16, 2026 6:26:36 AM io.gapi.emulators.netty.HttpVersionRoutingHandler channelRead\r\nINFO: Detected non-HTTP/2 connection.\r\n"}}
[debug] [2026-08-16T01:27:02.838Z] Aug 16, 2026 6:27:02 AM io.gapi.emulators.netty.HttpVersionRoutingHandler channelRead
INFO: Detected non-HTTP/2 connection.
 {"metadata":{"emulator":{"name":"firestore"},"message":"Aug 16, 2026 6:27:02 AM io.gapi.emulators.netty.HttpVersionRoutingHandler channelRead\r\nINFO: Detected non-HTTP/2 connection.\r\n"}}
[debug] [2026-08-16T01:27:02.989Z] Aug 16, 2026 6:27:02 AM io.gapi.emulators.netty.HttpVersionRoutingHandler channelRead
INFO: Detected non-HTTP/2 connection.
 {"metadata":{"emulator":{"name":"firestore"},"message":"Aug 16, 2026 6:27:02 AM io.gapi.emulators.netty.HttpVersionRoutingHandler channelRead\r\nINFO: Detected non-HTTP/2 connection.\r\n"}}
[debug] [2026-08-16T01:27:03.066Z] Aug 16, 2026 6:27:03 AM io.gapi.emulators.netty.HttpVersionRoutingHandler channelRead
INFO: Detected non-HTTP/2 connection.
 {"metadata":{"emulator":{"name":"firestore"},"message":"Aug 16, 2026 6:27:03 AM io.gapi.emulators.netty.HttpVersionRoutingHandler channelRead\r\nINFO: Detected non-HTTP/2 connection.\r\n"}}
[debug] [2026-08-16T01:27:03.080Z] Aug 16, 2026 6:27:03 AM io.gapi.emulators.netty.HttpVersionRoutingHandler channelRead
INFO: Detected non-HTTP/2 connection.
 {"metadata":{"emulator":{"name":"firestore"},"message":"Aug 16, 2026 6:27:03 AM io.gapi.emulators.netty.HttpVersionRoutingHandler channelRead\r\nINFO: Detected non-HTTP/2 connection.\r\n"}}
[debug] [2026-08-16T01:27:03.122Z] Aug 16, 2026 6:27:03 AM io.gapi.emulators.netty.HttpVersionRoutingHandler channelRead
INFO: Detected non-HTTP/2 connection.
 {"metadata":{"emulator":{"name":"firestore"},"message":"Aug 16, 2026 6:27:03 AM io.gapi.emulators.netty.HttpVersionRoutingHandler channelRead\r\nINFO: Detected non-HTTP/2 connection.\r\n"}}
[debug] [2026-08-16T01:27:22.370Z] Aug 16, 2026 6:27:22 AM io.gapi.emulators.netty.HttpVersionRoutingHandler channelRead
INFO: Detected non-HTTP/2 connection.
 {"metadata":{"emulator":{"name":"firestore"},"message":"Aug 16, 2026 6:27:22 AM io.gapi.emulators.netty.HttpVersionRoutingHandler channelRead\r\nINFO: Detected non-HTTP/2 connection.\r\n"}}
[debug] [2026-08-16T01:28:03.136Z] Aug 16, 2026 6:28:03 AM io.gapi.emulators.netty.HttpVersionRoutingHandler channelRead
INFO: Detected non-HTTP/2 connection.
 {"metadata":{"emulator":{"name":"firestore"},"message":"Aug 16, 2026 6:28:03 AM io.gapi.emulators.netty.HttpVersionRoutingHandler channelRead\r\nINFO: Detected non-HTTP/2 connection.\r\n"}}
[debug] [2026-08-16T01:28:22.392Z] Aug 16, 2026 6:28:22 AM io.gapi.emulators.netty.HttpVersionRoutingHandler channelRead
INFO: Detected non-HTTP/2 connection.
 {"metadata":{"emulator":{"name":"firestore"},"message":"Aug 16, 2026 6:28:22 AM io.gapi.emulators.netty.HttpVersionRoutingHandler channelRead\r\nINFO: Detected non-HTTP/2 connection.\r\n"}}
[debug] [2026-08-16T01:28:39.939Z] Aug 16, 2026 6:28:39 AM io.gapi.emulators.netty.HttpVersionRoutingHandler channelRead
INFO: Detected non-HTTP/2 connection.
 {"metadata":{"emulator":{"name":"firestore"},"message":"Aug 16, 2026 6:28:39 AM io.gapi.emulators.netty.HttpVersionRoutingHandler channelRead\r\nINFO: Detected non-HTTP/2 connection.\r\n"}}
[debug] [2026-08-16T01:28:39.989Z] Aug 16, 2026 6:28:39 AM io.gapi.emulators.netty.HttpVersionRoutingHandler channelRead
INFO: Detected non-HTTP/2 connection.
 {"metadata":{"emulator":{"name":"firestore"},"message":"Aug 16, 2026 6:28:39 AM io.gapi.emulators.netty.HttpVersionRoutingHandler channelRead\r\nINFO: Detected non-HTTP/2 connection.\r\n"}}
[debug] [2026-08-16T01:28:46.355Z] Aug 16, 2026 6:28:46 AM io.gapi.emulators.netty.HttpVersionRoutingHandler channelRead
INFO: Detected non-HTTP/2 connection.
 {"metadata":{"emulator":{"name":"firestore"},"message":"Aug 16, 2026 6:28:46 AM io.gapi.emulators.netty.HttpVersionRoutingHandler channelRead\r\nINFO: Detected non-HTTP/2 connection.\r\n"}}
[debug] [2026-08-16T01:28:46.368Z] Aug 16, 2026 6:28:46 AM io.gapi.emulators.netty.HttpVersionRoutingHandler channelRead
INFO: Detected non-HTTP/2 connection.
 {"metadata":{"emulator":{"name":"firestore"},"message":"Aug 16, 2026 6:28:46 AM io.gapi.emulators.netty.HttpVersionRoutingHandler channelRead\r\nINFO: Detected non-HTTP/2 connection.\r\n"}}
[debug] [2026-08-16T01:28:46.400Z] Aug 16, 2026 6:28:46 AM io.gapi.emulators.netty.HttpVersionRoutingHandler channelRead
INFO: Detected non-HTTP/2 connection.
 {"metadata":{"emulator":{"name":"firestore"},"message":"Aug 16, 2026 6:28:46 AM io.gapi.emulators.netty.HttpVersionRoutingHandler channelRead\r\nINFO: Detected non-HTTP/2 connection.\r\n"}}
[debug] [2026-08-16T01:29:09.936Z] Aug 16, 2026 6:29:09 AM io.gapi.emulators.netty.HttpVersionRoutingHandler channelRead
INFO: Detected non-HTTP/2 connection.
 {"metadata":{"emulator":{"name":"firestore"},"message":"Aug 16, 2026 6:29:09 AM io.gapi.emulators.netty.HttpVersionRoutingHandler channelRead\r\nINFO: Detected non-HTTP/2 connection.\r\n"}}
[debug] [2026-08-16T01:29:10.107Z] Aug 16, 2026 6:29:10 AM io.gapi.emulators.netty.HttpVersionRoutingHandler channelRead
INFO: Detected non-HTTP/2 connection.
 {"metadata":{"emulator":{"name":"firestore"},"message":"Aug 16, 2026 6:29:10 AM io.gapi.emulators.netty.HttpVersionRoutingHandler channelRead\r\nINFO: Detected non-HTTP/2 connection.\r\n"}}
[debug] [2026-08-16T01:29:11.592Z] Aug 16, 2026 6:29:11 AM io.gapi.emulators.netty.HttpVersionRoutingHandler channelRead
INFO: Detected non-HTTP/2 connection.
 {"metadata":{"emulator":{"name":"firestore"},"message":"Aug 16, 2026 6:29:11 AM io.gapi.emulators.netty.HttpVersionRoutingHandler channelRead\r\nINFO: Detected non-HTTP/2 connection.\r\n"}}
[debug] [2026-08-16T01:29:11.618Z] Aug 16, 2026 6:29:11 AM io.gapi.emulators.netty.HttpVersionRoutingHandler channelRead
INFO: Detected non-HTTP/2 connection.
 {"metadata":{"emulator":{"name":"firestore"},"message":"Aug 16, 2026 6:29:11 AM io.gapi.emulators.netty.HttpVersionRoutingHandler channelRead\r\nINFO: Detected non-HTTP/2 connection.\r\n"}}
[debug] [2026-08-16T01:29:22.591Z] Aug 16, 2026 6:29:22 AM io.gapi.emulators.netty.HttpVersionRoutingHandler channelRead
INFO: Detected non-HTTP/2 connection.
 {"metadata":{"emulator":{"name":"firestore"},"message":"Aug 16, 2026 6:29:22 AM io.gapi.emulators.netty.HttpVersionRoutingHandler channelRead\r\nINFO: Detected non-HTTP/2 connection.\r\n"}}
[debug] [2026-08-16T01:29:22.711Z] Aug 16, 2026 6:29:22 AM io.gapi.emulators.netty.HttpVersionRoutingHandler channelRead
INFO: Detected non-HTTP/2 connection.
Aug 16, 2026 6:29:22 AM io.gapi.emulators.netty.HttpVersionRoutingHandler channelRead
INFO: Detected non-HTTP/2 connection.
 {"metadata":{"emulator":{"name":"firestore"},"message":"Aug 16, 2026 6:29:22 AM io.gapi.emulators.netty.HttpVersionRoutingHandler channelRead\r\nINFO: Detected non-HTTP/2 connection.\r\nAug 16, 2026 6:29:22 AM io.gapi.emulators.netty.HttpVersionRoutingHandler channelRead\r\nINFO: Detected non-HTTP/2 connection.\r\n"}}
[debug] [2026-08-16T01:29:30.055Z] Aug 16, 2026 6:29:30 AM io.gapi.emulators.netty.HttpVersionRoutingHandler channelRead
INFO: Detected non-HTTP/2 connection.
 {"metadata":{"emulator":{"name":"firestore"},"message":"Aug 16, 2026 6:29:30 AM io.gapi.emulators.netty.HttpVersionRoutingHandler channelRead\r\nINFO: Detected non-HTTP/2 connection.\r\n"}}
[debug] [2026-08-16T01:30:17.955Z] Aug 16, 2026 6:30:17 AM io.gapi.emulators.netty.HttpVersionRoutingHandler channelRead
INFO: Detected non-HTTP/2 connection.
 {"metadata":{"emulator":{"name":"firestore"},"message":"Aug 16, 2026 6:30:17 AM io.gapi.emulators.netty.HttpVersionRoutingHandler channelRead\r\nINFO: Detected non-HTTP/2 connection.\r\n"}}
[debug] [2026-08-16T01:31:03.931Z] Aug 16, 2026 6:31:03 AM io.gapi.emulators.netty.HttpVersionRoutingHandler channelRead
INFO: Detected non-HTTP/2 connection.
 {"metadata":{"emulator":{"name":"firestore"},"message":"Aug 16, 2026 6:31:03 AM io.gapi.emulators.netty.HttpVersionRoutingHandler channelRead\r\nINFO: Detected non-HTTP/2 connection.\r\n"}}
[debug] [2026-08-16T01:32:03.957Z] Aug 16, 2026 6:32:03 AM io.gapi.emulators.netty.HttpVersionRoutingHandler channelRead
INFO: Detected non-HTTP/2 connection.
 {"metadata":{"emulator":{"name":"firestore"},"message":"Aug 16, 2026 6:32:03 AM io.gapi.emulators.netty.HttpVersionRoutingHandler channelRead\r\nINFO: Detected non-HTTP/2 connection.\r\n"}}
[debug] [2026-08-16T01:33:03.978Z] Aug 16, 2026 6:33:03 AM io.gapi.emulators.netty.HttpVersionRoutingHandler channelRead
INFO: Detected non-HTTP/2 connection.
 {"metadata":{"emulator":{"name":"firestore"},"message":"Aug 16, 2026 6:33:03 AM io.gapi.emulators.netty.HttpVersionRoutingHandler channelRead\r\nINFO: Detected non-HTTP/2 connection.\r\n"}}
[debug] [2026-08-16T01:33:49.926Z] Aug 16, 2026 6:33:49 AM io.gapi.emulators.netty.HttpVersionRoutingHandler channelRead
INFO: Detected non-HTTP/2 connection.
 {"metadata":{"emulator":{"name":"firestore"},"message":"Aug 16, 2026 6:33:49 AM io.gapi.emulators.netty.HttpVersionRoutingHandler channelRead\r\nINFO: Detected non-HTTP/2 connection.\r\n"}}
[debug] [2026-08-16T01:34:53.252Z] Aug 16, 2026 6:34:53 AM io.gapi.emulators.netty.HttpVersionRoutingHandler channelRead
INFO: Detected non-HTTP/2 connection.
 {"metadata":{"emulator":{"name":"firestore"},"message":"Aug 16, 2026 6:34:53 AM io.gapi.emulators.netty.HttpVersionRoutingHandler channelRead\r\nINFO: Detected non-HTTP/2 connection.\r\n"}}
[debug] [2026-08-16T01:36:11.136Z] Aug 16, 2026 6:36:11 AM io.gapi.emulators.netty.HttpVersionRoutingHandler channelRead
INFO: Detected non-HTTP/2 connection.
 {"metadata":{"emulator":{"name":"firestore"},"message":"Aug 16, 2026 6:36:11 AM io.gapi.emulators.netty.HttpVersionRoutingHandler channelRead\r\nINFO: Detected non-HTTP/2 connection.\r\n"}}
[debug] [2026-08-16T01:37:11.174Z] Aug 16, 2026 6:37:11 AM io.gapi.emulators.netty.HttpVersionRoutingHandler channelRead
INFO: Detected non-HTTP/2 connection.
 {"metadata":{"emulator":{"name":"firestore"},"message":"Aug 16, 2026 6:37:11 AM io.gapi.emulators.netty.HttpVersionRoutingHandler channelRead\r\nINFO: Detected non-HTTP/2 connection.\r\n"}}
[debug] [2026-08-16T01:38:11.227Z] Aug 16, 2026 6:38:11 AM io.gapi.emulators.netty.HttpVersionRoutingHandler channelRead
INFO: Detected non-HTTP/2 connection.
 {"metadata":{"emulator":{"name":"firestore"},"message":"Aug 16, 2026 6:38:11 AM io.gapi.emulators.netty.HttpVersionRoutingHandler channelRead\r\nINFO: Detected non-HTTP/2 connection.\r\n"}}
[debug] [2026-08-16T01:38:38.565Z] Aug 16, 2026 6:38:38 AM io.gapi.emulators.netty.HttpVersionRoutingHandler channelRead
INFO: Detected non-HTTP/2 connection.
 {"metadata":{"emulator":{"name":"firestore"},"message":"Aug 16, 2026 6:38:38 AM io.gapi.emulators.netty.HttpVersionRoutingHandler channelRead\r\nINFO: Detected non-HTTP/2 connection.\r\n"}}
[debug] [2026-08-16T01:45:21.226Z] Aug 16, 2026 6:45:21 AM io.gapi.emulators.netty.HttpVersionRoutingHandler channelRead
INFO: Detected non-HTTP/2 connection.
 {"metadata":{"emulator":{"name":"firestore"},"message":"Aug 16, 2026 6:45:21 AM io.gapi.emulators.netty.HttpVersionRoutingHandler channelRead\r\nINFO: Detected non-HTTP/2 connection.\r\n"}}
[debug] [2026-08-16T01:45:21.600Z] Aug 16, 2026 6:45:21 AM io.gapi.emulators.netty.HttpVersionRoutingHandler channelRead
INFO: Detected non-HTTP/2 connection.
 {"metadata":{"emulator":{"name":"firestore"},"message":"Aug 16, 2026 6:45:21 AM io.gapi.emulators.netty.HttpVersionRoutingHandler channelRead\r\nINFO: Detected non-HTTP/2 connection.\r\n"}}
[debug] [2026-08-16T01:45:21.623Z] Aug 16, 2026 6:45:21 AM io.gapi.emulators.netty.HttpVersionRoutingHandler channelRead
INFO: Detected non-HTTP/2 connection.
 {"metadata":{"emulator":{"name":"firestore"},"message":"Aug 16, 2026 6:45:21 AM io.gapi.emulators.netty.HttpVersionRoutingHandler channelRead\r\nINFO: Detected non-HTTP/2 connection.\r\n"}}
[debug] [2026-08-16T01:45:21.998Z] Aug 16, 2026 6:45:21 AM io.gapi.emulators.netty.HttpVersionRoutingHandler channelRead
INFO: Detected non-HTTP/2 connection.
 {"metadata":{"emulator":{"name":"firestore"},"message":"Aug 16, 2026 6:45:21 AM io.gapi.emulators.netty.HttpVersionRoutingHandler channelRead\r\nINFO: Detected non-HTTP/2 connection.\r\n"}}
[debug] [2026-08-16T01:45:22.091Z] Aug 16, 2026 6:45:22 AM io.gapi.emulators.netty.HttpVersionRoutingHandler channelRead
INFO: Detected non-HTTP/2 connection.
 {"metadata":{"emulator":{"name":"firestore"},"message":"Aug 16, 2026 6:45:22 AM io.gapi.emulators.netty.HttpVersionRoutingHandler channelRead\r\nINFO: Detected non-HTTP/2 connection.\r\n"}}
[debug] [2026-08-16T01:45:31.422Z] Aug 16, 2026 6:45:31 AM io.gapi.emulators.netty.HttpVersionRoutingHandler channelRead
INFO: Detected non-HTTP/2 connection.
 {"metadata":{"emulator":{"name":"firestore"},"message":"Aug 16, 2026 6:45:31 AM io.gapi.emulators.netty.HttpVersionRoutingHandler channelRead\r\nINFO: Detected non-HTTP/2 connection.\r\n"}}
[debug] [2026-08-16T01:45:31.471Z] Aug 16, 2026 6:45:31 AM io.gapi.emulators.netty.HttpVersionRoutingHandler channelRead
INFO: Detected non-HTTP/2 connection.
 {"metadata":{"emulator":{"name":"firestore"},"message":"Aug 16, 2026 6:45:31 AM io.gapi.emulators.netty.HttpVersionRoutingHandler channelRead\r\nINFO: Detected non-HTTP/2 connection.\r\n"}}
[debug] [2026-08-16T01:45:31.494Z] Aug 16, 2026 6:45:31 AM io.gapi.emulators.netty.HttpVersionRoutingHandler channelRead
INFO: Detected non-HTTP/2 connection.
 {"metadata":{"emulator":{"name":"firestore"},"message":"Aug 16, 2026 6:45:31 AM io.gapi.emulators.netty.HttpVersionRoutingHandler channelRead\r\nINFO: Detected non-HTTP/2 connection.\r\n"}}
[debug] [2026-08-16T01:45:31.524Z] Aug 16, 2026 6:45:31 AM io.gapi.emulators.netty.HttpVersionRoutingHandler channelRead
INFO: Detected non-HTTP/2 connection.
 {"metadata":{"emulator":{"name":"firestore"},"message":"Aug 16, 2026 6:45:31 AM io.gapi.emulators.netty.HttpVersionRoutingHandler channelRead\r\nINFO: Detected non-HTTP/2 connection.\r\n"}}
[debug] [2026-08-16T01:45:31.594Z] Aug 16, 2026 6:45:31 AM io.gapi.emulators.netty.HttpVersionRoutingHandler channelRead
INFO: Detected non-HTTP/2 connection.
 {"metadata":{"emulator":{"name":"firestore"},"message":"Aug 16, 2026 6:45:31 AM io.gapi.emulators.netty.HttpVersionRoutingHandler channelRead\r\nINFO: Detected non-HTTP/2 connection.\r\n"}}
[debug] [2026-08-16T01:45:48.610Z] Aug 16, 2026 6:45:48 AM io.gapi.emulators.netty.HttpVersionRoutingHandler channelRead
INFO: Detected non-HTTP/2 connection.
 {"metadata":{"emulator":{"name":"firestore"},"message":"Aug 16, 2026 6:45:48 AM io.gapi.emulators.netty.HttpVersionRoutingHandler channelRead\r\nINFO: Detected non-HTTP/2 connection.\r\n"}}
[debug] [2026-08-16T01:45:48.649Z] Aug 16, 2026 6:45:48 AM io.gapi.emulators.netty.HttpVersionRoutingHandler channelRead
INFO: Detected non-HTTP/2 connection.
 {"metadata":{"emulator":{"name":"firestore"},"message":"Aug 16, 2026 6:45:48 AM io.gapi.emulators.netty.HttpVersionRoutingHandler channelRead\r\nINFO: Detected non-HTTP/2 connection.\r\n"}}
[debug] [2026-08-16T01:45:48.760Z] Aug 16, 2026 6:45:48 AM io.gapi.emulators.netty.HttpVersionRoutingHandler channelRead
INFO: Detected non-HTTP/2 connection.
 {"metadata":{"emulator":{"name":"firestore"},"message":"Aug 16, 2026 6:45:48 AM io.gapi.emulators.netty.HttpVersionRoutingHandler channelRead\r\nINFO: Detected non-HTTP/2 connection.\r\n"}}
[debug] [2026-08-16T01:45:48.784Z] Aug 16, 2026 6:45:48 AM io.gapi.emulators.netty.HttpVersionRoutingHandler channelRead
INFO: Detected non-HTTP/2 connection.
 {"metadata":{"emulator":{"name":"firestore"},"message":"Aug 16, 2026 6:45:48 AM io.gapi.emulators.netty.HttpVersionRoutingHandler channelRead\r\nINFO: Detected non-HTTP/2 connection.\r\n"}}
[debug] [2026-08-16T01:45:51.439Z] Aug 16, 2026 6:45:51 AM io.gapi.emulators.netty.HttpVersionRoutingHandler channelRead
INFO: Detected non-HTTP/2 connection.
 {"metadata":{"emulator":{"name":"firestore"},"message":"Aug 16, 2026 6:45:51 AM io.gapi.emulators.netty.HttpVersionRoutingHandler channelRead\r\nINFO: Detected non-HTTP/2 connection.\r\n"}}
[debug] [2026-08-16T01:46:51.470Z] Aug 16, 2026 6:46:51 AM io.gapi.emulators.netty.HttpVersionRoutingHandler channelRead
INFO: Detected non-HTTP/2 connection.
 {"metadata":{"emulator":{"name":"firestore"},"message":"Aug 16, 2026 6:46:51 AM io.gapi.emulators.netty.HttpVersionRoutingHandler channelRead\r\nINFO: Detected non-HTTP/2 connection.\r\n"}}
[debug] [2026-08-16T01:52:15.167Z] Aug 16, 2026 6:52:15 AM io.gapi.emulators.netty.HttpVersionRoutingHandler channelRead
INFO: Detected non-HTTP/2 connection.
 {"metadata":{"emulator":{"name":"firestore"},"message":"Aug 16, 2026 6:52:15 AM io.gapi.emulators.netty.HttpVersionRoutingHandler channelRead\r\nINFO: Detected non-HTTP/2 connection.\r\n"}}
[debug] [2026-08-16T01:52:15.225Z] Aug 16, 2026 6:52:15 AM io.gapi.emulators.netty.HttpVersionRoutingHandler channelRead
INFO: Detected non-HTTP/2 connection.
 {"metadata":{"emulator":{"name":"firestore"},"message":"Aug 16, 2026 6:52:15 AM io.gapi.emulators.netty.HttpVersionRoutingHandler channelRead\r\nINFO: Detected non-HTTP/2 connection.\r\n"}}
[debug] [2026-08-16T01:52:15.244Z] Aug 16, 2026 6:52:15 AM io.gapi.emulators.netty.HttpVersionRoutingHandler channelRead
INFO: Detected non-HTTP/2 connection.
 {"metadata":{"emulator":{"name":"firestore"},"message":"Aug 16, 2026 6:52:15 AM io.gapi.emulators.netty.HttpVersionRoutingHandler channelRead\r\nINFO: Detected non-HTTP/2 connection.\r\n"}}
[debug] [2026-08-16T01:52:22.463Z] Aug 16, 2026 6:52:22 AM io.gapi.emulators.netty.HttpVersionRoutingHandler channelRead
INFO: Detected non-HTTP/2 connection.
 {"metadata":{"emulator":{"name":"firestore"},"message":"Aug 16, 2026 6:52:22 AM io.gapi.emulators.netty.HttpVersionRoutingHandler channelRead\r\nINFO: Detected non-HTTP/2 connection.\r\n"}}
[debug] [2026-08-16T01:52:22.498Z] Aug 16, 2026 6:52:22 AM io.gapi.emulators.netty.HttpVersionRoutingHandler channelRead
INFO: Detected non-HTTP/2 connection.
 {"metadata":{"emulator":{"name":"firestore"},"message":"Aug 16, 2026 6:52:22 AM io.gapi.emulators.netty.HttpVersionRoutingHandler channelRead\r\nINFO: Detected non-HTTP/2 connection.\r\n"}}
[debug] [2026-08-16T01:52:22.587Z] Aug 16, 2026 6:52:22 AM io.gapi.emulators.netty.HttpVersionRoutingHandler channelRead
INFO: Detected non-HTTP/2 connection.
 {"metadata":{"emulator":{"name":"firestore"},"message":"Aug 16, 2026 6:52:22 AM io.gapi.emulators.netty.HttpVersionRoutingHandler channelRead\r\nINFO: Detected non-HTTP/2 connection.\r\n"}}
[debug] [2026-08-16T01:52:22.609Z] Aug 16, 2026 6:52:22 AM io.gapi.emulators.netty.HttpVersionRoutingHandler channelRead
INFO: Detected non-HTTP/2 connection.
 {"metadata":{"emulator":{"name":"firestore"},"message":"Aug 16, 2026 6:52:22 AM io.gapi.emulators.netty.HttpVersionRoutingHandler channelRead\r\nINFO: Detected non-HTTP/2 connection.\r\n"}}
[debug] [2026-08-16T01:52:22.645Z] Aug 16, 2026 6:52:22 AM io.gapi.emulators.netty.HttpVersionRoutingHandler channelRead
INFO: Detected non-HTTP/2 connection.
 {"metadata":{"emulator":{"name":"firestore"},"message":"Aug 16, 2026 6:52:22 AM io.gapi.emulators.netty.HttpVersionRoutingHandler channelRead\r\nINFO: Detected non-HTTP/2 connection.\r\n"}}
[debug] [2026-08-16T01:52:28.927Z] Aug 16, 2026 6:52:28 AM io.gapi.emulators.netty.HttpVersionRoutingHandler channelRead
INFO: Detected non-HTTP/2 connection.
 {"metadata":{"emulator":{"name":"firestore"},"message":"Aug 16, 2026 6:52:28 AM io.gapi.emulators.netty.HttpVersionRoutingHandler channelRead\r\nINFO: Detected non-HTTP/2 connection.\r\n"}}
[debug] [2026-08-16T01:52:28.966Z] Aug 16, 2026 6:52:28 AM io.gapi.emulators.netty.HttpVersionRoutingHandler channelRead
INFO: Detected non-HTTP/2 connection.
 {"metadata":{"emulator":{"name":"firestore"},"message":"Aug 16, 2026 6:52:28 AM io.gapi.emulators.netty.HttpVersionRoutingHandler channelRead\r\nINFO: Detected non-HTTP/2 connection.\r\n"}}
[debug] [2026-08-16T01:52:29.050Z] Aug 16, 2026 6:52:29 AM io.gapi.emulators.netty.HttpVersionRoutingHandler channelRead
INFO: Detected non-HTTP/2 connection.
 {"metadata":{"emulator":{"name":"firestore"},"message":"Aug 16, 2026 6:52:29 AM io.gapi.emulators.netty.HttpVersionRoutingHandler channelRead\r\nINFO: Detected non-HTTP/2 connection.\r\n"}}
[debug] [2026-08-16T01:52:34.141Z] Aug 16, 2026 6:52:34 AM io.gapi.emulators.netty.HttpVersionRoutingHandler channelRead
INFO: Detected non-HTTP/2 connection.
 {"metadata":{"emulator":{"name":"firestore"},"message":"Aug 16, 2026 6:52:34 AM io.gapi.emulators.netty.HttpVersionRoutingHandler channelRead\r\nINFO: Detected non-HTTP/2 connection.\r\n"}}
[debug] [2026-08-16T01:52:34.172Z] Aug 16, 2026 6:52:34 AM io.gapi.emulators.netty.HttpVersionRoutingHandler channelRead
INFO: Detected non-HTTP/2 connection.
 {"metadata":{"emulator":{"name":"firestore"},"message":"Aug 16, 2026 6:52:34 AM io.gapi.emulators.netty.HttpVersionRoutingHandler channelRead\r\nINFO: Detected non-HTTP/2 connection.\r\n"}}
[debug] [2026-08-16T01:52:34.192Z] Aug 16, 2026 6:52:34 AM io.gapi.emulators.netty.HttpVersionRoutingHandler channelRead
INFO: Detected non-HTTP/2 connection.
 {"metadata":{"emulator":{"name":"firestore"},"message":"Aug 16, 2026 6:52:34 AM io.gapi.emulators.netty.HttpVersionRoutingHandler channelRead\r\nINFO: Detected non-HTTP/2 connection.\r\n"}}
[debug] [2026-08-16T01:52:34.292Z] Aug 16, 2026 6:52:34 AM io.gapi.emulators.netty.HttpVersionRoutingHandler channelRead
INFO: Detected non-HTTP/2 connection.
 {"metadata":{"emulator":{"name":"firestore"},"message":"Aug 16, 2026 6:52:34 AM io.gapi.emulators.netty.HttpVersionRoutingHandler channelRead\r\nINFO: Detected non-HTTP/2 connection.\r\n"}}
[debug] [2026-08-16T01:52:34.317Z] Aug 16, 2026 6:52:34 AM io.gapi.emulators.netty.HttpVersionRoutingHandler channelRead
INFO: Detected non-HTTP/2 connection.
 {"metadata":{"emulator":{"name":"firestore"},"message":"Aug 16, 2026 6:52:34 AM io.gapi.emulators.netty.HttpVersionRoutingHandler channelRead\r\nINFO: Detected non-HTTP/2 connection.\r\n"}}
[debug] [2026-08-16T01:52:45.985Z] Aug 16, 2026 6:52:45 AM io.gapi.emulators.netty.HttpVersionRoutingHandler channelRead
INFO: Detected non-HTTP/2 connection.
 {"metadata":{"emulator":{"name":"firestore"},"message":"Aug 16, 2026 6:52:45 AM io.gapi.emulators.netty.HttpVersionRoutingHandler channelRead\r\nINFO: Detected non-HTTP/2 connection.\r\n"}}
[debug] [2026-08-16T01:52:46.022Z] Aug 16, 2026 6:52:46 AM io.gapi.emulators.netty.HttpVersionRoutingHandler channelRead
INFO: Detected non-HTTP/2 connection.
 {"metadata":{"emulator":{"name":"firestore"},"message":"Aug 16, 2026 6:52:46 AM io.gapi.emulators.netty.HttpVersionRoutingHandler channelRead\r\nINFO: Detected non-HTTP/2 connection.\r\n"}}
[debug] [2026-08-16T01:52:46.097Z] Aug 16, 2026 6:52:46 AM io.gapi.emulators.netty.HttpVersionRoutingHandler channelRead
INFO: Detected non-HTTP/2 connection.
 {"metadata":{"emulator":{"name":"firestore"},"message":"Aug 16, 2026 6:52:46 AM io.gapi.emulators.netty.HttpVersionRoutingHandler channelRead\r\nINFO: Detected non-HTTP/2 connection.\r\n"}}
[debug] [2026-08-16T01:52:46.129Z] Aug 16, 2026 6:52:46 AM io.gapi.emulators.netty.HttpVersionRoutingHandler channelRead
INFO: Detected non-HTTP/2 connection.
 {"metadata":{"emulator":{"name":"firestore"},"message":"Aug 16, 2026 6:52:46 AM io.gapi.emulators.netty.HttpVersionRoutingHandler channelRead\r\nINFO: Detected non-HTTP/2 connection.\r\n"}}
[debug] [2026-08-16T01:52:46.157Z] Aug 16, 2026 6:52:46 AM io.gapi.emulators.netty.HttpVersionRoutingHandler channelRead
INFO: Detected non-HTTP/2 connection.
 {"metadata":{"emulator":{"name":"firestore"},"message":"Aug 16, 2026 6:52:46 AM io.gapi.emulators.netty.HttpVersionRoutingHandler channelRead\r\nINFO: Detected non-HTTP/2 connection.\r\n"}}
[debug] [2026-08-16T01:52:58.280Z] Aug 16, 2026 6:52:58 AM io.gapi.emulators.netty.HttpVersionRoutingHandler channelRead
INFO: Detected non-HTTP/2 connection.
 {"metadata":{"emulator":{"name":"firestore"},"message":"Aug 16, 2026 6:52:58 AM io.gapi.emulators.netty.HttpVersionRoutingHandler channelRead\r\nINFO: Detected non-HTTP/2 connection.\r\n"}}
[debug] [2026-08-16T01:52:58.300Z] Aug 16, 2026 6:52:58 AM io.gapi.emulators.netty.HttpVersionRoutingHandler channelRead
INFO: Detected non-HTTP/2 connection.
 {"metadata":{"emulator":{"name":"firestore"},"message":"Aug 16, 2026 6:52:58 AM io.gapi.emulators.netty.HttpVersionRoutingHandler channelRead\r\nINFO: Detected non-HTTP/2 connection.\r\n"}}
[debug] [2026-08-16T01:52:58.311Z] Aug 16, 2026 6:52:58 AM io.gapi.emulators.netty.HttpVersionRoutingHandler channelRead
INFO: Detected non-HTTP/2 connection.
 {"metadata":{"emulator":{"name":"firestore"},"message":"Aug 16, 2026 6:52:58 AM io.gapi.emulators.netty.HttpVersionRoutingHandler channelRead\r\nINFO: Detected non-HTTP/2 connection.\r\n"}}
[debug] [2026-08-16T01:52:59.839Z] Aug 16, 2026 6:52:59 AM io.gapi.emulators.netty.HttpVersionRoutingHandler channelRead
INFO: Detected non-HTTP/2 connection.
 {"metadata":{"emulator":{"name":"firestore"},"message":"Aug 16, 2026 6:52:59 AM io.gapi.emulators.netty.HttpVersionRoutingHandler channelRead\r\nINFO: Detected non-HTTP/2 connection.\r\n"}}
[debug] [2026-08-16T01:52:59.893Z] Aug 16, 2026 6:52:59 AM io.gapi.emulators.netty.HttpVersionRoutingHandler channelRead
INFO: Detected non-HTTP/2 connection.
 {"metadata":{"emulator":{"name":"firestore"},"message":"Aug 16, 2026 6:52:59 AM io.gapi.emulators.netty.HttpVersionRoutingHandler channelRead\r\nINFO: Detected non-HTTP/2 connection.\r\n"}}
[debug] [2026-08-16T01:52:59.915Z] Aug 16, 2026 6:52:59 AM io.gapi.emulators.netty.HttpVersionRoutingHandler channelRead
INFO: Detected non-HTTP/2 connection.
 {"metadata":{"emulator":{"name":"firestore"},"message":"Aug 16, 2026 6:52:59 AM io.gapi.emulators.netty.HttpVersionRoutingHandler channelRead\r\nINFO: Detected non-HTTP/2 connection.\r\n"}}
[debug] [2026-08-16T01:52:59.941Z] Aug 16, 2026 6:52:59 AM io.gapi.emulators.netty.HttpVersionRoutingHandler channelRead
INFO: Detected non-HTTP/2 connection.
 {"metadata":{"emulator":{"name":"firestore"},"message":"Aug 16, 2026 6:52:59 AM io.gapi.emulators.netty.HttpVersionRoutingHandler channelRead\r\nINFO: Detected non-HTTP/2 connection.\r\n"}}
[debug] [2026-08-16T01:52:59.984Z] Aug 16, 2026 6:52:59 AM io.gapi.emulators.netty.HttpVersionRoutingHandler channelRead
INFO: Detected non-HTTP/2 connection.
 {"metadata":{"emulator":{"name":"firestore"},"message":"Aug 16, 2026 6:52:59 AM io.gapi.emulators.netty.HttpVersionRoutingHandler channelRead\r\nINFO: Detected non-HTTP/2 connection.\r\n"}}
[debug] [2026-08-16T01:53:18.406Z] Aug 16, 2026 6:53:18 AM io.gapi.emulators.netty.HttpVersionRoutingHandler channelRead
INFO: Detected non-HTTP/2 connection.
 {"metadata":{"emulator":{"name":"firestore"},"message":"Aug 16, 2026 6:53:18 AM io.gapi.emulators.netty.HttpVersionRoutingHandler channelRead\r\nINFO: Detected non-HTTP/2 connection.\r\n"}}
[debug] [2026-08-16T01:53:18.432Z] Aug 16, 2026 6:53:18 AM io.gapi.emulators.netty.HttpVersionRoutingHandler channelRead
INFO: Detected non-HTTP/2 connection.
 {"metadata":{"emulator":{"name":"firestore"},"message":"Aug 16, 2026 6:53:18 AM io.gapi.emulators.netty.HttpVersionRoutingHandler channelRead\r\nINFO: Detected non-HTTP/2 connection.\r\n"}}
[debug] [2026-08-16T01:53:21.417Z] Aug 16, 2026 6:53:21 AM io.gapi.emulators.netty.HttpVersionRoutingHandler channelRead
INFO: Detected non-HTTP/2 connection.
 {"metadata":{"emulator":{"name":"firestore"},"message":"Aug 16, 2026 6:53:21 AM io.gapi.emulators.netty.HttpVersionRoutingHandler channelRead\r\nINFO: Detected non-HTTP/2 connection.\r\n"}}
[debug] [2026-08-16T01:53:21.430Z] Aug 16, 2026 6:53:21 AM io.gapi.emulators.netty.HttpVersionRoutingHandler channelRead
INFO: Detected non-HTTP/2 connection.
 {"metadata":{"emulator":{"name":"firestore"},"message":"Aug 16, 2026 6:53:21 AM io.gapi.emulators.netty.HttpVersionRoutingHandler channelRead\r\nINFO: Detected non-HTTP/2 connection.\r\n"}}
[debug] [2026-08-16T01:53:21.467Z] Aug 16, 2026 6:53:21 AM io.gapi.emulators.netty.HttpVersionRoutingHandler channelRead
INFO: Detected non-HTTP/2 connection.
 {"metadata":{"emulator":{"name":"firestore"},"message":"Aug 16, 2026 6:53:21 AM io.gapi.emulators.netty.HttpVersionRoutingHandler channelRead\r\nINFO: Detected non-HTTP/2 connection.\r\n"}}
[debug] [2026-08-16T01:53:29.317Z] Aug 16, 2026 6:53:29 AM io.gapi.emulators.netty.HttpVersionRoutingHandler channelRead
INFO: Detected non-HTTP/2 connection.
 {"metadata":{"emulator":{"name":"firestore"},"message":"Aug 16, 2026 6:53:29 AM io.gapi.emulators.netty.HttpVersionRoutingHandler channelRead\r\nINFO: Detected non-HTTP/2 connection.\r\n"}}
[debug] [2026-08-16T01:53:38.587Z] Aug 16, 2026 6:53:38 AM io.gapi.emulators.netty.HttpVersionRoutingHandler channelRead
INFO: Detected non-HTTP/2 connection.
 {"metadata":{"emulator":{"name":"firestore"},"message":"Aug 16, 2026 6:53:38 AM io.gapi.emulators.netty.HttpVersionRoutingHandler channelRead\r\nINFO: Detected non-HTTP/2 connection.\r\n"}}
[debug] [2026-08-16T01:54:06.881Z] Aug 16, 2026 6:54:06 AM io.gapi.emulators.netty.HttpVersionRoutingHandler channelRead
INFO: Detected non-HTTP/2 connection.
 {"metadata":{"emulator":{"name":"firestore"},"message":"Aug 16, 2026 6:54:06 AM io.gapi.emulators.netty.HttpVersionRoutingHandler channelRead\r\nINFO: Detected non-HTTP/2 connection.\r\n"}}
[debug] [2026-08-16T02:06:48.605Z] Aug 16, 2026 7:06:48 AM io.gapi.emulators.netty.HttpVersionRoutingHandler channelRead
INFO: Detected non-HTTP/2 connection.
 {"metadata":{"emulator":{"name":"firestore"},"message":"Aug 16, 2026 7:06:48 AM io.gapi.emulators.netty.HttpVersionRoutingHandler channelRead\r\nINFO: Detected non-HTTP/2 connection.\r\n"}}
[debug] [2026-08-16T02:06:49.506Z] Aug 16, 2026 7:06:49 AM io.gapi.emulators.netty.HttpVersionRoutingHandler channelRead
INFO: Detected non-HTTP/2 connection.
 {"metadata":{"emulator":{"name":"firestore"},"message":"Aug 16, 2026 7:06:49 AM io.gapi.emulators.netty.HttpVersionRoutingHandler channelRead\r\nINFO: Detected non-HTTP/2 connection.\r\n"}}
[debug] [2026-08-16T02:06:49.591Z] Aug 16, 2026 7:06:49 AM io.gapi.emulators.netty.HttpVersionRoutingHandler channelRead
INFO: Detected non-HTTP/2 connection.
 {"metadata":{"emulator":{"name":"firestore"},"message":"Aug 16, 2026 7:06:49 AM io.gapi.emulators.netty.HttpVersionRoutingHandler channelRead\r\nINFO: Detected non-HTTP/2 connection.\r\n"}}
[debug] [2026-08-16T02:06:49.647Z] Aug 16, 2026 7:06:49 AM io.gapi.emulators.netty.HttpVersionRoutingHandler channelRead
INFO: Detected non-HTTP/2 connection.
 {"metadata":{"emulator":{"name":"firestore"},"message":"Aug 16, 2026 7:06:49 AM io.gapi.emulators.netty.HttpVersionRoutingHandler channelRead\r\nINFO: Detected non-HTTP/2 connection.\r\n"}}
[debug] [2026-08-16T02:06:49.796Z] Aug 16, 2026 7:06:49 AM io.gapi.emulators.netty.HttpVersionRoutingHandler channelRead
INFO: Detected non-HTTP/2 connection.
 {"metadata":{"emulator":{"name":"firestore"},"message":"Aug 16, 2026 7:06:49 AM io.gapi.emulators.netty.HttpVersionRoutingHandler channelRead\r\nINFO: Detected non-HTTP/2 connection.\r\n"}}
[debug] [2026-08-16T02:06:49.854Z] Aug 16, 2026 7:06:49 AM io.gapi.emulators.netty.HttpVersionRoutingHandler channelRead
INFO: Detected non-HTTP/2 connection.
 {"metadata":{"emulator":{"name":"firestore"},"message":"Aug 16, 2026 7:06:49 AM io.gapi.emulators.netty.HttpVersionRoutingHandler channelRead\r\nINFO: Detected non-HTTP/2 connection.\r\n"}}
[debug] [2026-08-16T02:07:14.674Z] Aug 16, 2026 7:07:14 AM io.gapi.emulators.netty.HttpVersionRoutingHandler channelRead
INFO: Detected non-HTTP/2 connection.
 {"metadata":{"emulator":{"name":"firestore"},"message":"Aug 16, 2026 7:07:14 AM io.gapi.emulators.netty.HttpVersionRoutingHandler channelRead\r\nINFO: Detected non-HTTP/2 connection.\r\n"}}
[debug] [2026-08-16T02:07:14.793Z] Aug 16, 2026 7:07:14 AM io.gapi.emulators.netty.HttpVersionRoutingHandler channelRead
INFO: Detected non-HTTP/2 connection.
 {"metadata":{"emulator":{"name":"firestore"},"message":"Aug 16, 2026 7:07:14 AM io.gapi.emulators.netty.HttpVersionRoutingHandler channelRead\r\nINFO: Detected non-HTTP/2 connection.\r\n"}}
[debug] [2026-08-16T02:07:16.149Z] Aug 16, 2026 7:07:16 AM io.gapi.emulators.netty.HttpVersionRoutingHandler channelRead
INFO: Detected non-HTTP/2 connection.
 {"metadata":{"emulator":{"name":"firestore"},"message":"Aug 16, 2026 7:07:16 AM io.gapi.emulators.netty.HttpVersionRoutingHandler channelRead\r\nINFO: Detected non-HTTP/2 connection.\r\n"}}
[debug] [2026-08-16T02:07:16.328Z] Aug 16, 2026 7:07:16 AM io.gapi.emulators.netty.HttpVersionRoutingHandler channelRead
INFO: Detected non-HTTP/2 connection.
 {"metadata":{"emulator":{"name":"firestore"},"message":"Aug 16, 2026 7:07:16 AM io.gapi.emulators.netty.HttpVersionRoutingHandler channelRead\r\nINFO: Detected non-HTTP/2 connection.\r\n"}}
[debug] [2026-08-16T02:15:55.498Z] Aug 16, 2026 7:15:55 AM io.gapi.emulators.netty.HttpVersionRoutingHandler channelRead
INFO: Detected non-HTTP/2 connection.
 {"metadata":{"emulator":{"name":"firestore"},"message":"Aug 16, 2026 7:15:55 AM io.gapi.emulators.netty.HttpVersionRoutingHandler channelRead\r\nINFO: Detected non-HTTP/2 connection.\r\n"}}
[debug] [2026-08-16T02:15:55.639Z] Aug 16, 2026 7:15:55 AM io.gapi.emulators.netty.HttpVersionRoutingHandler channelRead
INFO: Detected non-HTTP/2 connection.
 {"metadata":{"emulator":{"name":"firestore"},"message":"Aug 16, 2026 7:15:55 AM io.gapi.emulators.netty.HttpVersionRoutingHandler channelRead\r\nINFO: Detected non-HTTP/2 connection.\r\n"}}
[debug] [2026-08-16T02:15:55.659Z] Aug 16, 2026 7:15:55 AM io.gapi.emulators.netty.HttpVersionRoutingHandler channelRead
INFO: Detected non-HTTP/2 connection.
 {"metadata":{"emulator":{"name":"firestore"},"message":"Aug 16, 2026 7:15:55 AM io.gapi.emulators.netty.HttpVersionRoutingHandler channelRead\r\nINFO: Detected non-HTTP/2 connection.\r\n"}}
[debug] [2026-08-16T02:15:55.941Z] Aug 16, 2026 7:15:55 AM io.gapi.emulators.netty.HttpVersionRoutingHandler channelRead
INFO: Detected non-HTTP/2 connection.
 {"metadata":{"emulator":{"name":"firestore"},"message":"Aug 16, 2026 7:15:55 AM io.gapi.emulators.netty.HttpVersionRoutingHandler channelRead\r\nINFO: Detected non-HTTP/2 connection.\r\n"}}
[debug] [2026-08-16T02:15:55.978Z] Aug 16, 2026 7:15:55 AM io.gapi.emulators.netty.HttpVersionRoutingHandler channelRead
INFO: Detected non-HTTP/2 connection.
 {"metadata":{"emulator":{"name":"firestore"},"message":"Aug 16, 2026 7:15:55 AM io.gapi.emulators.netty.HttpVersionRoutingHandler channelRead\r\nINFO: Detected non-HTTP/2 connection.\r\n"}}
[debug] [2026-08-16T02:16:02.197Z] Aug 16, 2026 7:16:02 AM io.gapi.emulators.netty.HttpVersionRoutingHandler channelRead
INFO: Detected non-HTTP/2 connection.
 {"metadata":{"emulator":{"name":"firestore"},"message":"Aug 16, 2026 7:16:02 AM io.gapi.emulators.netty.HttpVersionRoutingHandler channelRead\r\nINFO: Detected non-HTTP/2 connection.\r\n"}}
[debug] [2026-08-16T02:16:02.228Z] Aug 16, 2026 7:16:02 AM io.gapi.emulators.netty.HttpVersionRoutingHandler channelRead
INFO: Detected non-HTTP/2 connection.
 {"metadata":{"emulator":{"name":"firestore"},"message":"Aug 16, 2026 7:16:02 AM io.gapi.emulators.netty.HttpVersionRoutingHandler channelRead\r\nINFO: Detected non-HTTP/2 connection.\r\n"}}
[debug] [2026-08-16T02:16:06.313Z] Aug 16, 2026 7:16:06 AM io.gapi.emulators.netty.HttpVersionRoutingHandler channelRead
INFO: Detected non-HTTP/2 connection.
 {"metadata":{"emulator":{"name":"firestore"},"message":"Aug 16, 2026 7:16:06 AM io.gapi.emulators.netty.HttpVersionRoutingHandler channelRead\r\nINFO: Detected non-HTTP/2 connection.\r\n"}}
[debug] [2026-08-16T02:16:06.348Z] Aug 16, 2026 7:16:06 AM io.gapi.emulators.netty.HttpVersionRoutingHandler channelRead
INFO: Detected non-HTTP/2 connection.
 {"metadata":{"emulator":{"name":"firestore"},"message":"Aug 16, 2026 7:16:06 AM io.gapi.emulators.netty.HttpVersionRoutingHandler channelRead\r\nINFO: Detected non-HTTP/2 connection.\r\n"}}
[debug] [2026-08-16T02:16:06.364Z] Aug 16, 2026 7:16:06 AM io.gapi.emulators.netty.HttpVersionRoutingHandler channelRead
INFO: Detected non-HTTP/2 connection.
 {"metadata":{"emulator":{"name":"firestore"},"message":"Aug 16, 2026 7:16:06 AM io.gapi.emulators.netty.HttpVersionRoutingHandler channelRead\r\nINFO: Detected non-HTTP/2 connection.\r\n"}}
[debug] [2026-08-16T02:16:07.475Z] Aug 16, 2026 7:16:07 AM io.gapi.emulators.netty.HttpVersionRoutingHandler channelRead
INFO: Detected non-HTTP/2 connection.
 {"metadata":{"emulator":{"name":"firestore"},"message":"Aug 16, 2026 7:16:07 AM io.gapi.emulators.netty.HttpVersionRoutingHandler channelRead\r\nINFO: Detected non-HTTP/2 connection.\r\n"}}
[debug] [2026-08-16T02:16:07.509Z] Aug 16, 2026 7:16:07 AM io.gapi.emulators.netty.HttpVersionRoutingHandler channelRead
INFO: Detected non-HTTP/2 connection.
 {"metadata":{"emulator":{"name":"firestore"},"message":"Aug 16, 2026 7:16:07 AM io.gapi.emulators.netty.HttpVersionRoutingHandler channelRead\r\nINFO: Detected non-HTTP/2 connection.\r\n"}}
[debug] [2026-08-16T02:16:07.543Z] Aug 16, 2026 7:16:07 AM io.gapi.emulators.netty.HttpVersionRoutingHandler channelRead
INFO: Detected non-HTTP/2 connection.
 {"metadata":{"emulator":{"name":"firestore"},"message":"Aug 16, 2026 7:16:07 AM io.gapi.emulators.netty.HttpVersionRoutingHandler channelRead\r\nINFO: Detected non-HTTP/2 connection.\r\n"}}
[debug] [2026-08-16T02:16:07.625Z] Aug 16, 2026 7:16:07 AM io.gapi.emulators.netty.HttpVersionRoutingHandler channelRead
INFO: Detected non-HTTP/2 connection.
 {"metadata":{"emulator":{"name":"firestore"},"message":"Aug 16, 2026 7:16:07 AM io.gapi.emulators.netty.HttpVersionRoutingHandler channelRead\r\nINFO: Detected non-HTTP/2 connection.\r\n"}}
[debug] [2026-08-16T02:16:07.682Z] Aug 16, 2026 7:16:07 AM io.gapi.emulators.netty.HttpVersionRoutingHandler channelRead
INFO: Detected non-HTTP/2 connection.
 {"metadata":{"emulator":{"name":"firestore"},"message":"Aug 16, 2026 7:16:07 AM io.gapi.emulators.netty.HttpVersionRoutingHandler channelRead\r\nINFO: Detected non-HTTP/2 connection.\r\n"}}
[debug] [2026-08-16T02:16:10.214Z] Aug 16, 2026 7:16:10 AM io.gapi.emulators.netty.HttpVersionRoutingHandler channelRead
INFO: Detected non-HTTP/2 connection.
 {"metadata":{"emulator":{"name":"firestore"},"message":"Aug 16, 2026 7:16:10 AM io.gapi.emulators.netty.HttpVersionRoutingHandler channelRead\r\nINFO: Detected non-HTTP/2 connection.\r\n"}}
[debug] [2026-08-16T02:16:10.232Z] Aug 16, 2026 7:16:10 AM io.gapi.emulators.netty.HttpVersionRoutingHandler channelRead
INFO: Detected non-HTTP/2 connection.
 {"metadata":{"emulator":{"name":"firestore"},"message":"Aug 16, 2026 7:16:10 AM io.gapi.emulators.netty.HttpVersionRoutingHandler channelRead\r\nINFO: Detected non-HTTP/2 connection.\r\n"}}
[debug] [2026-08-16T02:16:11.328Z] Aug 16, 2026 7:16:11 AM io.gapi.emulators.netty.HttpVersionRoutingHandler channelRead
INFO: Detected non-HTTP/2 connection.
 {"metadata":{"emulator":{"name":"firestore"},"message":"Aug 16, 2026 7:16:11 AM io.gapi.emulators.netty.HttpVersionRoutingHandler channelRead\r\nINFO: Detected non-HTTP/2 connection.\r\n"}}
[debug] [2026-08-16T02:16:11.337Z] Aug 16, 2026 7:16:11 AM io.gapi.emulators.netty.HttpVersionRoutingHandler channelRead
INFO: Detected non-HTTP/2 connection.
 {"metadata":{"emulator":{"name":"firestore"},"message":"Aug 16, 2026 7:16:11 AM io.gapi.emulators.netty.HttpVersionRoutingHandler channelRead\r\nINFO: Detected non-HTTP/2 connection.\r\n"}}
[debug] [2026-08-16T02:16:11.356Z] Aug 16, 2026 7:16:11 AM io.gapi.emulators.netty.HttpVersionRoutingHandler channelRead
INFO: Detected non-HTTP/2 connection.
 {"metadata":{"emulator":{"name":"firestore"},"message":"Aug 16, 2026 7:16:11 AM io.gapi.emulators.netty.HttpVersionRoutingHandler channelRead\r\nINFO: Detected non-HTTP/2 connection.\r\n"}}
[debug] [2026-08-16T02:16:16.991Z] Aug 16, 2026 7:16:16 AM io.gapi.emulators.netty.HttpVersionRoutingHandler channelRead
INFO: Detected non-HTTP/2 connection.
 {"metadata":{"emulator":{"name":"firestore"},"message":"Aug 16, 2026 7:16:16 AM io.gapi.emulators.netty.HttpVersionRoutingHandler channelRead\r\nINFO: Detected non-HTTP/2 connection.\r\n"}}
[debug] [2026-08-16T02:16:17.041Z] Aug 16, 2026 7:16:17 AM io.gapi.emulators.netty.HttpVersionRoutingHandler channelRead
INFO: Detected non-HTTP/2 connection.
 {"metadata":{"emulator":{"name":"firestore"},"message":"Aug 16, 2026 7:16:17 AM io.gapi.emulators.netty.HttpVersionRoutingHandler channelRead\r\nINFO: Detected non-HTTP/2 connection.\r\n"}}
[debug] [2026-08-16T02:16:17.062Z] Aug 16, 2026 7:16:17 AM io.gapi.emulators.netty.HttpVersionRoutingHandler channelRead
INFO: Detected non-HTTP/2 connection.
 {"metadata":{"emulator":{"name":"firestore"},"message":"Aug 16, 2026 7:16:17 AM io.gapi.emulators.netty.HttpVersionRoutingHandler channelRead\r\nINFO: Detected non-HTTP/2 connection.\r\n"}}
[debug] [2026-08-16T02:16:17.094Z] Aug 16, 2026 7:16:17 AM io.gapi.emulators.netty.HttpVersionRoutingHandler channelRead
INFO: Detected non-HTTP/2 connection.
 {"metadata":{"emulator":{"name":"firestore"},"message":"Aug 16, 2026 7:16:17 AM io.gapi.emulators.netty.HttpVersionRoutingHandler channelRead\r\nINFO: Detected non-HTTP/2 connection.\r\n"}}
[debug] [2026-08-16T02:16:17.140Z] Aug 16, 2026 7:16:17 AM io.gapi.emulators.netty.HttpVersionRoutingHandler channelRead
INFO: Detected non-HTTP/2 connection.
 {"metadata":{"emulator":{"name":"firestore"},"message":"Aug 16, 2026 7:16:17 AM io.gapi.emulators.netty.HttpVersionRoutingHandler channelRead\r\nINFO: Detected non-HTTP/2 connection.\r\n"}}
[debug] [2026-08-16T02:17:02.825Z] Aug 16, 2026 7:17:02 AM io.gapi.emulators.netty.HttpVersionRoutingHandler channelRead
INFO: Detected non-HTTP/2 connection.
 {"metadata":{"emulator":{"name":"firestore"},"message":"Aug 16, 2026 7:17:02 AM io.gapi.emulators.netty.HttpVersionRoutingHandler channelRead\r\nINFO: Detected non-HTTP/2 connection.\r\n"}}
[debug] [2026-08-16T02:17:11.376Z] Aug 16, 2026 7:17:11 AM io.gapi.emulators.netty.HttpVersionRoutingHandler channelRead
INFO: Detected non-HTTP/2 connection.
 {"metadata":{"emulator":{"name":"firestore"},"message":"Aug 16, 2026 7:17:11 AM io.gapi.emulators.netty.HttpVersionRoutingHandler channelRead\r\nINFO: Detected non-HTTP/2 connection.\r\n"}}
[debug] [2026-08-16T02:17:36.864Z] Aug 16, 2026 7:17:36 AM io.gapi.emulators.netty.HttpVersionRoutingHandler channelRead
INFO: Detected non-HTTP/2 connection.
 {"metadata":{"emulator":{"name":"firestore"},"message":"Aug 16, 2026 7:17:36 AM io.gapi.emulators.netty.HttpVersionRoutingHandler channelRead\r\nINFO: Detected non-HTTP/2 connection.\r\n"}}
[debug] [2026-08-16T02:17:36.894Z] Aug 16, 2026 7:17:36 AM io.gapi.emulators.netty.HttpVersionRoutingHandler channelRead
INFO: Detected non-HTTP/2 connection.
 {"metadata":{"emulator":{"name":"firestore"},"message":"Aug 16, 2026 7:17:36 AM io.gapi.emulators.netty.HttpVersionRoutingHandler channelRead\r\nINFO: Detected non-HTTP/2 connection.\r\n"}}
[debug] [2026-08-16T02:17:38.501Z] Aug 16, 2026 7:17:38 AM io.gapi.emulators.netty.HttpVersionRoutingHandler channelRead
INFO: Detected non-HTTP/2 connection.
 {"metadata":{"emulator":{"name":"firestore"},"message":"Aug 16, 2026 7:17:38 AM io.gapi.emulators.netty.HttpVersionRoutingHandler channelRead\r\nINFO: Detected non-HTTP/2 connection.\r\n"}}
[debug] [2026-08-16T02:17:38.702Z] Aug 16, 2026 7:17:38 AM io.gapi.emulators.netty.HttpVersionRoutingHandler channelRead
INFO: Detected non-HTTP/2 connection.
 {"metadata":{"emulator":{"name":"firestore"},"message":"Aug 16, 2026 7:17:38 AM io.gapi.emulators.netty.HttpVersionRoutingHandler channelRead\r\nINFO: Detected non-HTTP/2 connection.\r\n"}}
